index,POI
"(13, 15)","文化场馆:展览馆,生活服务:美容美发:美容SPA,基础设施:交通设施:地铁站,公司企业:公司企业,房产小区:产业园区,机构团体:政府机关,银行金融:证券公司,酒店宾馆:酒店宾馆,房产小区:商务楼宇,酒店宾馆:酒店宾馆,房产小区:商务楼宇,房产小区:商务楼宇,机构团体:政府机关,生活服务:其它生活服务,酒店宾馆:其它酒店宾馆,生活服务:摄影冲印,房产小区:商务楼宇,机构团体:政府机关,房产小区:商务楼宇,机构团体:政府机关"
"(12, 15)","文化场馆:展览馆,生活服务:美容美发:美容SPA,基础设施:交通设施:地铁站,公司企业:公司企业,房产小区:产业园区,机构团体:政府机关,银行金融:证券公司,酒店宾馆:酒店宾馆,房产小区:商务楼宇,酒店宾馆:酒店宾馆,房产小区:商务楼宇,房产小区:商务楼宇,机构团体:政府机关,生活服务:其它生活服务,酒店宾馆:其它酒店宾馆,生活服务:摄影冲印,房产小区:商务楼宇,机构团体:政府机关,房产小区:商务楼宇,机构团体:政府机关"
"(14, 15)",房产小区:商务楼宇
"(12, 14)","基础设施:道路附属:收费站,房产小区:产业园区,公司企业:公司企业,基础设施:交通设施:地铁站,房产小区:产业园区,旅游景点:公园,汽车:汽车俱乐部,房产小区:住宅区:住宅小区,公司企业:公司企业,房产小区:住宅区:住宅小区,房产小区:产业园区,房产小区:住宅区:住宅小区,房产小区:住宅区:住宅小区,房产小区:产业园区,地名地址:行政地名,教育学校:培训:体育培训,教育学校:培训,酒店宾馆:酒店宾馆,地名地址:行政地名,房产小区:房产小区附属"
"(12, 16)","酒店宾馆:星级酒店,房产小区:商务楼宇,房产小区:商务楼宇,房产小区:商务楼宇,房产小区:产业园区,房产小区:商务楼宇,房产小区:商务楼宇,房产小区:商务楼宇,购物:数码家电,房产小区:商务楼宇,购物:其它购物,房产小区:商务楼宇,娱乐休闲:户外活动:水上活动中心,房产小区:商务楼宇,房产小区:商务楼宇,娱乐休闲:亲子,美食:小吃快餐,购物:综合商场:购物中心,房产小区:商务楼宇,美食:中餐厅:川菜"
"(12, 17)",None
"(12, 18)",旅游景点:公园
"(12, 21)",机构团体:其它机构团体
"(12, 19)",旅游景点:公园
"(14, 22)","旅游景点:景点公园附属,地名地址:行政地名,地名地址:行政地名,基础设施:道路附属:路口,地名地址:行政地名,教育学校:职业技术学校,基础设施:道路附属:路口,地名地址:行政地名,地名地址:道路名,娱乐休闲:亲子,地名地址:道路名,地名地址:行政地名,基础设施:交通设施:地铁站,地名地址:道路名,基础设施:道路附属:路口,室内及附属设施:通行设施类:门/出入口,旅游景点:景点公园附属,旅游景点:景点公园附属,生活服务:其它生活服务,机构团体:政府机关"
"(8, 16)",房产小区:住宅区:住宅小区
"(11, 16)",房产小区:住宅区:住宅小区
"(10, 16)",房产小区:住宅区:住宅小区
"(12, 26)","银行金融:银行,房产小区:住宅区:住宅小区,房产小区:住宅区:住宅小区,地名地址:行政地名,房产小区:住宅区:住宅小区,银行金融:银行,房产小区:住宅区:住宅小区,教育学校:职业技术学校,购物:综合商场,房产小区:住宅区:住宅小区,房产小区:住宅区:住宅小区,汽车:加油站:中石油,教育学校:中学,房产小区:商务楼宇,房产小区:住宅区:住宅小区,房产小区:住宅区:住宅小区,房产小区:住宅区:住宅小区,酒店宾馆:酒店宾馆,房产小区:住宅区:住宅小区,娱乐休闲:茶馆"
"(11, 26)",None
"(12, 24)",None
"(13, 22)",教育学校:中学
"(11, 23)","房产小区:住宅区:住宅小区,房产小区:住宅区:住宅小区,教育学校:大学,汽车:摩托车:销售,房产小区:住宅区:住宅小区,生活服务:邮局速递:速递,生活服务:邮局速递:速递,娱乐休闲:茶馆,运动健身:游泳馆,美食:中餐厅:其它中餐厅,文化场馆:图书馆,房产小区:住宅区:住宅小区,运动健身:篮球场,汽车:汽车养护,美食:火锅,购物:超市,地名地址:行政地名,美食:小吃快餐,购物:超市,酒店宾馆:酒店宾馆"
"(11, 25)",None
"(10, 25)",None
"(11, 17)",房产小区:住宅区:住宅小区
"(13, 19)","美食:中餐厅:川菜,美食:中餐厅:其它中餐厅,美食:烧烤,美食:烧烤,美食:中餐厅:川菜,美食:中餐厅:川菜,美食:中餐厅:川菜,公司企业:公司企业,酒店宾馆:其它酒店宾馆,美食:火锅,美食:中餐厅:川菜,美食:中餐厅:其它中餐厅,美食:东南亚菜:其它东南亚菜,旅游景点:风景名胜,旅游景点:国家级景点,娱乐休闲:其它娱乐休闲,美食:中餐厅:其它中餐厅,美食:中餐厅:川菜,美食:中餐厅:川菜,美食:自助餐"
"(8, 15)",房产小区:住宅区:住宅小区
"(9, 17)","旅游景点:公园,房产小区:商务楼宇,房产小区:产业园区,文化场馆:文化宫,房产小区:住宅区:住宅小区,生活服务:事务所,房产小区:住宅区:其它住宅区,房产小区:产业园区,房产小区:产业园区,房产小区:住宅区:其它住宅区,房产小区:商务楼宇,娱乐休闲:其它娱乐休闲,房产小区:商务楼宇,房产小区:产业园区,房产小区:住宅区:住宅小区,汽车:汽车维修,基础设施:交通设施:公交车站,美食:中餐厅:其它中餐厅,酒店宾馆:酒店宾馆,公司企业:公司企业"
"(9, 16)","旅游景点:公园,房产小区:商务楼宇,房产小区:产业园区,文化场馆:文化宫,房产小区:住宅区:住宅小区,生活服务:事务所,房产小区:住宅区:其它住宅区,房产小区:产业园区,房产小区:产业园区,房产小区:住宅区:其它住宅区,房产小区:商务楼宇,娱乐休闲:其它娱乐休闲,房产小区:商务楼宇,房产小区:产业园区,房产小区:住宅区:住宅小区,汽车:汽车维修,基础设施:交通设施:公交车站,美食:中餐厅:其它中餐厅,酒店宾馆:酒店宾馆,公司企业:公司企业"
"(9, 15)","美食:小吃快餐,汽车:汽车销售,美食:中餐厅:川菜,美食:火锅,美食:中餐厅:其它中餐厅,酒店宾馆:酒店宾馆,美食:火锅,美食:海鲜,美食:烧烤,美食:中餐厅:北京菜,房产小区:住宅区:住宅小区,娱乐休闲:茶馆,美食:火锅,美食:小吃快餐,地名地址:行政地名,教育学校:中学,美食:火锅,房产小区:住宅区:住宅小区,美食:中餐厅:川菜,美食:烧烤"
"(8, 14)",房产小区:住宅区:住宅小区
"(9, 14)",None
"(5, 14)","教育学校:职业技术学校,房产小区:住宅区:住宅小区,地名地址:行政地名,教育学校:小学,房产小区:住宅区:住宅小区,美食:小吃快餐,美食:中餐厅:其它中餐厅,教育学校:幼儿园,购物:农贸市场,娱乐休闲:茶馆,基础设施:交通设施:公交车站,美食:小吃快餐,旅游景点:其它旅游景点,地名地址:自然地名:山,地名地址:行政地名,医疗保健:药房药店,医疗保健:药房药店,地名地址:行政地名,机构团体:社会团体,机构团体:政府机关"
"(7, 15)","房产小区:住宅区:住宅小区,房产小区:住宅区:住宅小区,房产小区:房产小区附属,购物:便利店,房产小区:住宅区:住宅小区,房产小区:住宅区:住宅小区,房产小区:住宅区:住宅小区,房产小区:住宅区:住宅小区,房产小区:住宅区:住宅小区,房产小区:住宅区:住宅小区,生活服务:邮局速递:速递,生活服务:宠物服务:宠物商店,运动健身:健身中心,房产小区:住宅区:住宅小区,医疗保健:诊所,地名地址:行政地名,购物:超市,公司企业:公司企业,地名地址:行政地名,运动健身:游泳馆"
"(13, 16)","机构团体:公检法机构,机构团体:政府机关,旅游景点:公园,房产小区:商务楼宇,房产小区:商务楼宇,酒店宾馆:星级酒店,房产小区:商务楼宇,银行金融:银行,房产小区:住宅区:住宅小区,房产小区:商务楼宇,房产小区:商务楼宇,房产小区:住宅区:住宅小区,房产小区:住宅区:住宅小区,公司企业:公司企业,银行金融:银行,房产小区:商务楼宇,机构团体:公检法机构,房产小区:商务楼宇,房产小区:住宅区:住宅小区,娱乐休闲:咖啡厅"
"(11, 15)","酒店宾馆:星级酒店,房产小区:商务楼宇,房产小区:商务楼宇,房产小区:商务楼宇,房产小区:产业园区,房产小区:商务楼宇,房产小区:商务楼宇,房产小区:商务楼宇,购物:数码家电,房产小区:商务楼宇,购物:其它购物,房产小区:商务楼宇,娱乐休闲:户外活动:水上活动中心,房产小区:商务楼宇,房产小区:商务楼宇,娱乐休闲:亲子,美食:小吃快餐,购物:综合商场:购物中心,房产小区:商务楼宇,美食:中餐厅:川菜"
"(4, 23)","地名地址:行政地名,地名地址:行政地名,基础设施:交通设施:公交车站,基础设施:交通设施:公交车站,基础设施:道路附属:路口,美食:中餐厅:其它中餐厅,基础设施:道路附属:路口"
"(5, 26)","地名地址:行政地名,地名地址:行政地名,地名地址:行政地名,娱乐休闲:其它娱乐休闲,美食:烧烤,房产小区:住宅区:别墅"
"(5, 24)",None
"(5, 25)","地名地址:行政地名,地名地址:行政地名,地名地址:行政地名,美食:其它美食,地名地址:行政地名"
"(5, 27)","地名地址:行政地名,地名地址:行政地名,地名地址:行政地名,娱乐休闲:其它娱乐休闲,美食:烧烤,房产小区:住宅区:别墅"
"(6, 27)",None
"(5, 23)",None
"(6, 26)",None
"(4, 15)",None
"(4, 14)",None
"(1, 14)",None
"(2, 15)",None
"(0, 23)",None
"(1, 23)",None
"(2, 23)",None
"(2, 24)",None
"(3, 23)",None
"(1, 24)",None
"(3, 22)",None
"(2, 25)",None
"(3, 24)",None
"(2, 26)",None
"(0, 26)",None
"(1, 27)","地名地址:行政地名,地名地址:行政地名,地名地址:行政地名,地名地址:行政地名,地名地址:行政地名"
"(1, 28)",None
"(1, 25)","娱乐休闲:其它娱乐休闲,机构团体:政府机关,娱乐休闲:户外活动:露营地,地名地址:行政地名,地名地址:行政地名,地名地址:行政地名,房产小区:住宅区:住宅小区,地名地址:行政地名,旅游景点:景点公园附属,公司企业:公司企业,公司企业:公司企业,机构团体:政府机关"
"(4, 25)","地名地址:行政地名,地名地址:行政地名,地名地址:行政地名,地名地址:行政地名,酒店宾馆:其它酒店宾馆,旅游景点:其它旅游景点,酒店宾馆:其它酒店宾馆"
"(4, 26)","基础设施:交通设施:公交车站,地名地址:行政地名,地名地址:行政地名,娱乐休闲:户外活动:游乐场,美食:中餐厅:其它中餐厅,地名地址:行政地名,房产小区:住宅区:住宅小区,娱乐休闲:其它娱乐休闲,地名地址:行政地名,地名地址:行政地名,娱乐休闲:其它娱乐休闲,旅游景点:风景名胜,娱乐休闲:户外活动:采摘园,娱乐休闲:其它娱乐休闲,地名地址:行政地名,酒店宾馆:农家院,地名地址:行政地名,地名地址:行政地名,地名地址:行政地名,地名地址:行政地名"
"(4, 24)","地名地址:行政地名,房产小区:房产小区附属,地名地址:行政地名,机构团体:政府机关,娱乐休闲:酒吧,地名地址:行政地名,地名地址:行政地名,基础设施:交通设施:公交线路,生活服务:其它生活服务,地名地址:门牌信息,基础设施:道路附属:路口,旅游景点:风景名胜,娱乐休闲:其它娱乐休闲,酒店宾馆:其它酒店宾馆,机构团体:政府机关,机构团体:政府机关,机构团体:政府机关"
"(8, 28)","基础设施:交通设施:公交车站,地名地址:行政地名,地名地址:行政地名,购物:烟酒专卖,生活服务:其它生活服务,地名地址:行政地名,地名地址:行政地名"
"(7, 27)","娱乐休闲:其它娱乐休闲,娱乐休闲:其它娱乐休闲,酒店宾馆:农家院,地名地址:行政地名,地名地址:行政地名,地名地址:行政地名,地名地址:行政地名,娱乐休闲:其它娱乐休闲"
"(13, 20)","运动健身:综合体育场馆,医疗保健:综合医院,美食:小吃快餐,运动健身:篮球场,房产小区:住宅区:住宅小区,房产小区:住宅区:住宅小区,房产小区:住宅区:住宅小区,基础设施:道路附属:路口,酒店宾馆:酒店宾馆,酒店宾馆:酒店宾馆附属,房产小区:住宅区:住宅小区,旅游景点:风景名胜,美食:火锅,房产小区:住宅区:住宅小区,美食:中餐厅:酒楼,娱乐休闲:咖啡厅,房产小区:住宅区:住宅小区,房产小区:房产小区附属,娱乐休闲:其它娱乐休闲,房产小区:住宅区:住宅小区"
"(13, 21)","运动健身:综合体育场馆,医疗保健:综合医院,美食:小吃快餐,运动健身:篮球场,房产小区:住宅区:住宅小区,房产小区:住宅区:住宅小区,房产小区:住宅区:住宅小区,基础设施:道路附属:路口,酒店宾馆:酒店宾馆,酒店宾馆:酒店宾馆附属,房产小区:住宅区:住宅小区,旅游景点:风景名胜,美食:火锅,房产小区:住宅区:住宅小区,美食:中餐厅:酒楼,娱乐休闲:咖啡厅,房产小区:住宅区:住宅小区,房产小区:房产小区附属,娱乐休闲:其它娱乐休闲,房产小区:住宅区:住宅小区"
"(12, 20)","运动健身:综合体育场馆,医疗保健:综合医院,美食:小吃快餐,运动健身:篮球场,房产小区:住宅区:住宅小区,房产小区:住宅区:住宅小区,房产小区:住宅区:住宅小区,基础设施:道路附属:路口,酒店宾馆:酒店宾馆,酒店宾馆:酒店宾馆附属,房产小区:住宅区:住宅小区,旅游景点:风景名胜,美食:火锅,房产小区:住宅区:住宅小区,美食:中餐厅:酒楼,娱乐休闲:咖啡厅,房产小区:住宅区:住宅小区,房产小区:房产小区附属,娱乐休闲:其它娱乐休闲,房产小区:住宅区:住宅小区"
"(11, 20)","购物:便利店,旅游景点:风景名胜,旅游景点:公园,房产小区:住宅区:住宅小区,房产小区:住宅区:住宅小区,美食:家常菜,地名地址:行政地名,机构团体:政府机关,旅游景点:风景名胜,房产小区:其它房产小区,汽车:汽车租赁,地名地址:行政地名,机构团体:政府机关,旅游景点:其它旅游景点,美食:中餐厅:其它中餐厅,地名地址:行政地名,地名地址:行政地名,地名地址:行政地名,文化场馆:美术馆,旅游景点:城市广场"
"(11, 21)","购物:便利店,旅游景点:风景名胜,旅游景点:公园,房产小区:住宅区:住宅小区,房产小区:住宅区:住宅小区,美食:家常菜,地名地址:行政地名,机构团体:政府机关,旅游景点:风景名胜,房产小区:其它房产小区,汽车:汽车租赁,地名地址:行政地名,机构团体:政府机关,旅游景点:其它旅游景点,美食:中餐厅:其它中餐厅,地名地址:行政地名,地名地址:行政地名,地名地址:行政地名,文化场馆:美术馆,旅游景点:城市广场"
"(13, 13)","汽车:汽车销售,汽车:汽车销售,汽车:汽车维修,汽车:汽车销售,汽车:汽车销售,房产小区:产业园区,汽车:汽车销售,汽车:汽车销售,汽车:汽车销售,汽车:汽车销售,汽车:汽车销售,汽车:汽车销售,汽车:汽车销售,汽车:汽车销售,汽车:汽车销售,汽车:汽车销售,汽车:汽车销售,房产小区:商务楼宇,汽车:汽车销售,生活服务:装修"
"(13, 14)","汽车:汽车销售,汽车:汽车销售,汽车:汽车维修,汽车:汽车销售,汽车:汽车销售,房产小区:产业园区,汽车:汽车销售,汽车:汽车销售,汽车:汽车销售,汽车:汽车销售,汽车:汽车销售,汽车:汽车销售,汽车:汽车销售,汽车:汽车销售,汽车:汽车销售,汽车:汽车销售,汽车:汽车销售,房产小区:商务楼宇,汽车:汽车销售,生活服务:装修"
"(14, 14)","酒店宾馆:经济型酒店,汽车:汽车销售,美食:小吃快餐,汽车:汽车销售,房产小区:产业园区,银行金融:保险公司,娱乐休闲:茶馆,汽车:汽车销售,房产小区:住宅区:住宅小区,房产小区:住宅区:住宅小区,汽车:其它汽车,汽车:汽车销售,房产小区:住宅区:住宅小区,汽车:汽车销售,房产小区:住宅区:住宅小区,汽车:汽车销售,汽车:汽车销售,汽车:汽车销售,汽车:汽车销售,汽车:汽车销售"
"(12, 27)","银行金融:银行,房产小区:住宅区:住宅小区,房产小区:住宅区:住宅小区,地名地址:行政地名,房产小区:住宅区:住宅小区,银行金融:银行,房产小区:住宅区:住宅小区,教育学校:职业技术学校,购物:综合商场,房产小区:住宅区:住宅小区,房产小区:住宅区:住宅小区,汽车:加油站:中石油,教育学校:中学,房产小区:商务楼宇,房产小区:住宅区:住宅小区,房产小区:住宅区:住宅小区,房产小区:住宅区:住宅小区,酒店宾馆:酒店宾馆,房产小区:住宅区:住宅小区,娱乐休闲:茶馆"
"(11, 24)","购物:家具家居建材:建材,房产小区:住宅区:住宅小区,房产小区:住宅区:住宅小区,汽车:加油站:加气站,房产小区:住宅区:住宅小区,基础设施:交通设施:公交车站,地名地址:行政地名,公司企业:公司企业,房产小区:产业园区,地名地址:行政地名,地名地址:道路名,公司企业:公司企业,基础设施:交通设施:公交车站,汽车:汽车配件销售,地名地址:道路名,公司企业:公司企业,地名地址:行政地名,酒店宾馆:酒店宾馆,生活服务:家政:家电维修,机构团体:政府机关"
"(12, 25)","购物:家具家居建材:建材,房产小区:住宅区:住宅小区,房产小区:住宅区:住宅小区,汽车:加油站:加气站,房产小区:住宅区:住宅小区,基础设施:交通设施:公交车站,地名地址:行政地名,公司企业:公司企业,房产小区:产业园区,地名地址:行政地名,地名地址:道路名,公司企业:公司企业,基础设施:交通设施:公交车站,汽车:汽车配件销售,地名地址:道路名,公司企业:公司企业,地名地址:行政地名,酒店宾馆:酒店宾馆,生活服务:家政:家电维修,机构团体:政府机关"
"(9, 18)",房产小区:产业园区
"(10, 18)",None
"(10, 17)",None
"(14, 19)","房产小区:产业园区,房产小区:住宅区:住宅小区,医疗保健:综合医院,公司企业:公司企业,房产小区:住宅区:住宅小区,购物:超市,教育学校:小学,房产小区:住宅区:住宅小区,房产小区:住宅区:住宅小区,美食:小吃快餐,房产小区:住宅区:住宅小区,房产小区:住宅区:住宅小区,房产小区:住宅区:住宅小区,美食:特色中餐,地名地址:道路名,房产小区:住宅区:住宅小区,酒店宾馆:酒店宾馆,娱乐休闲:茶馆,房产小区:住宅区:住宅小区,酒店宾馆:酒店宾馆"
"(13, 17)","机构团体:公检法机构,机构团体:政府机关,旅游景点:公园,房产小区:商务楼宇,房产小区:商务楼宇,酒店宾馆:星级酒店,房产小区:商务楼宇,银行金融:银行,房产小区:住宅区:住宅小区,房产小区:商务楼宇,房产小区:商务楼宇,房产小区:住宅区:住宅小区,房产小区:住宅区:住宅小区,公司企业:公司企业,银行金融:银行,房产小区:商务楼宇,机构团体:公检法机构,房产小区:商务楼宇,房产小区:住宅区:住宅小区,娱乐休闲:咖啡厅"
"(12, 22)","娱乐休闲:茶馆,房产小区:住宅区:住宅小区,娱乐休闲:茶馆,美食:家常菜,购物:花鸟鱼虫,美食:中餐厅:其它中餐厅,购物:烟酒专卖,房产小区:住宅区:住宅小区,购物:农贸市场,房产小区:住宅区:住宅小区,美食:中餐厅:其它中餐厅,文化场馆:其它文化场馆,购物:商业步行街,地名地址:行政地名,房产小区:住宅区:住宅小区,房产小区:住宅区:住宅小区,房产小区:住宅区:住宅小区,地名地址:行政地名,美食:面包甜点,购物:超市"
"(11, 22)","房产小区:住宅区:住宅小区,购物:超市,美食:小吃快餐,房产小区:住宅区:住宅小区,娱乐休闲:茶馆,汽车:汽车维修,房产小区:住宅区:住宅小区,酒店宾馆:经济型酒店,购物:其它购物,房产小区:住宅区:住宅小区,美食:烧烤,酒店宾馆:酒店宾馆,美食:烧烤,美食:中餐厅:川菜,房产小区:商务楼宇,医疗保健:药房药店,房产小区:住宅区:住宅小区,运动健身:瑜伽,房产小区:产业园区,银行金融:银行"
"(12, 23)",None
"(13, 23)",教育学校:中学
"(6, 14)","运动健身:游泳馆,购物:体育户外,地名地址:行政地名,地名地址:行政地名,地名地址:行政地名,地名地址:行政地名,地名地址:行政地名,地名地址:道路名,汽车:汽车俱乐部,生活服务:装修,汽车:停车场,机构团体:政府机关"
"(6, 15)","教育学校:小学,房产小区:住宅区:住宅小区,房产小区:住宅区:住宅小区,美食:中餐厅:其它中餐厅,基础设施:交通设施:公交车站,基础设施:道路附属:路口,房产小区:住宅区:住宅小区,房产小区:住宅区:住宅小区,地名地址:行政地名,房产小区:住宅区:住宅小区,教育学校:幼儿园,教育学校:幼儿园,地名地址:行政地名,房产小区:房产小区附属,房产小区:住宅区:住宅小区,房产小区:住宅区:住宅小区,房产小区:住宅区:住宅小区,生活服务:美容美发:美发,生活服务:美容美发:其它美容美发,娱乐休闲:茶馆"
"(7, 14)",旅游景点:风景名胜
"(7, 13)",旅游景点:风景名胜
"(6, 13)",旅游景点:风景名胜
"(7, 11)",公司企业:公司企业
"(2, 21)","教育学校:幼儿园,教育学校:小学,购物:农贸市场,美食:中餐厅:其它中餐厅,汽车:汽车维修,文化场馆:文化宫,房产小区:住宅区:住宅小区,房产小区:住宅区:住宅小区,机构团体:公检法机构,基础设施:交通设施:公交车站,娱乐休闲:酒吧,医疗保健:卫生院,购物:超市,房产小区:住宅区:住宅小区,房产小区:住宅区:住宅小区,教育学校:培训:升学辅导,地名地址:行政地名,地名地址:行政地名,医疗保健:药房药店,公司企业:农林牧渔基地"
"(2, 20)",娱乐休闲:户外活动:游乐场
"(3, 19)",None
"(4, 22)",None
"(5, 22)",None
"(7, 21)","地名地址:行政地名,地名地址:行政地名,地名地址:行政地名,生活服务:宠物服务:宠物商店,地名地址:行政地名,娱乐休闲:户外活动:垂钓园,娱乐休闲:户外活动:采摘园,地名地址:行政地名,公司企业:农林牧渔基地,地名地址:行政地名"
"(9, 20)","美食:农家菜,娱乐休闲:户外活动:采摘园,美食:中餐厅:其它中餐厅,地名地址:行政地名,房产小区:产业园区,娱乐休闲:户外活动:垂钓园,基础设施:交通设施:公交车站,生活服务:宠物服务:其它宠物服务,基础设施:交通设施:公交车站,教育学校:培训,公司企业:农林牧渔基地,基础设施:道路附属:路口,基础设施:道路附属:路口,基础设施:道路附属:路口,基础设施:道路附属:路口,娱乐休闲:其它娱乐休闲"
"(7, 18)",None
"(13, 18)","机构团体:政府机关,房产小区:住宅区:住宅小区,房产小区:住宅区:住宅小区,地名地址:行政地名,房产小区:住宅区:住宅小区,购物:综合商场:购物中心,基础设施:道路附属:路口,娱乐休闲:网吧,医疗保健:诊所,房产小区:住宅区:住宅小区,房产小区:住宅区:住宅小区,房产小区:住宅区:住宅小区,美食:火锅,地名地址:行政地名,房产小区:住宅区:住宅小区,酒店宾馆:酒店宾馆,房产小区:住宅区:住宅小区,银行金融:银行,教育学校:小学,房产小区:住宅区:住宅小区"
"(7, 20)",房产小区:住宅区:住宅小区
"(7, 19)",房产小区:住宅区:住宅小区
"(8, 19)","房产小区:住宅区:住宅小区,娱乐休闲:户外活动:垂钓园,医疗保健:卫生院,教育学校:中学,旅游景点:寺庙道观,房产小区:住宅区:住宅小区,地名地址:行政地名,地名地址:道路名,地名地址:行政地名,地名地址:行政地名,教育学校:中学,房产小区:住宅区:住宅小区,地名地址:行政地名,地名地址:道路名,教育学校:中学,基础设施:道路附属:路口,教育学校:中学,娱乐休闲:其它娱乐休闲"
"(8, 23)",None
"(6, 20)",房产小区:住宅区:住宅小区
"(6, 24)","地名地址:行政地名,地名地址:行政地名,地名地址:行政地名,购物:家具家居建材:厨房用品,地名地址:行政地名,教育学校:幼儿园,购物:其它购物,地名地址:行政地名,基础设施:交通设施:公交车站,地名地址:行政地名,娱乐休闲:其它娱乐休闲,地名地址:行政地名,地名地址:行政地名,机构团体:政府机关,地名地址:行政地名,地名地址:行政地名,地名地址:行政地名,机构团体:政府机关,地名地址:行政地名,地名地址:行政地名"
"(6, 23)","酒店宾馆:酒店宾馆,娱乐休闲:户外活动:采摘园,地名地址:行政地名,娱乐休闲:户外活动:采摘园,基础设施:道路附属:桥,娱乐休闲:户外活动:垂钓园,娱乐休闲:户外活动:采摘园,娱乐休闲:其它娱乐休闲,地名地址:行政地名,地名地址:行政地名"
"(6, 21)",None
"(7, 25)","教育学校:小学,地名地址:行政地名,旅游景点:植物园,娱乐休闲:其它娱乐休闲,机构团体:政府机关,地名地址:行政地名,地名地址:行政地名,地名地址:行政地名,公司企业:公司企业,地名地址:行政地名,地名地址:行政地名,地名地址:行政地名,公司企业:企业/工厂,美食:中餐厅:其它中餐厅,酒店宾馆:农家院,地名地址:行政地名,地名地址:行政地名,地名地址:行政地名,地名地址:行政地名,教育学校:幼儿园"
"(8, 25)",None
"(9, 23)",None
"(8, 24)",None
"(10, 23)",None
"(10, 24)",None
"(10, 22)",None
"(9, 24)",None
"(10, 21)","公司企业:公司企业,生活服务:邮局速递:物流公司,汽车:其它汽车,购物:旧货市场,公司企业:公司企业,购物:小商品市场,地名地址:行政地名,公司企业:其它公司企业,生活服务:邮局速递:物流公司,美食:中餐厅:其它中餐厅,汽车:汽车维修,美食:家常菜,生活服务:邮局速递:物流公司,汽车:汽车救援,生活服务:邮局速递:物流公司,购物:家具家居建材:家具家居,生活服务:邮局速递:物流公司,地名地址:行政地名,公司企业:公司企业,购物:旧货市场"
"(9, 22)",生活服务:邮局速递:物流仓储场地
"(10, 26)","公司企业:公司企业,公司企业:公司企业,美食:中餐厅:川菜,公司企业:公司企业,房产小区:产业园区,汽车:汽车销售,地名地址:道路名,房产小区:产业园区,公司企业:公司企业,公司企业:公司企业,机构团体:社会团体,公司企业:公司企业,公司企业:公司企业,公司企业:公司企业,公司企业:公司企业,公司企业:公司企业,公司企业:公司企业,公司企业:公司企业,公司企业:公司企业,公司企业:公司企业"
"(11, 27)","房产小区:住宅区:住宅小区,教育学校:其它教育学校,教育学校:职业技术学校,娱乐休闲:KTV,房产小区:住宅区:住宅小区,机构团体:公检法机构,房产小区:住宅区:住宅小区,酒店宾馆:酒店宾馆,房产小区:住宅区:住宅小区,房产小区:住宅区:住宅小区,美食:中餐厅:其它中餐厅,房产小区:住宅区:住宅小区,教育学校:幼儿园,房产小区:住宅区:住宅小区,美食:中餐厅:其它中餐厅,房产小区:住宅区:住宅小区,房产小区:住宅区:住宅小区,美食:火锅,美食:火锅,酒店宾馆:酒店宾馆"
"(10, 27)",房产小区:住宅区:住宅小区
"(9, 27)",旅游景点:风景名胜
"(9, 28)","美食:中餐厅:川菜,地名地址:行政地名,基础设施:交通设施:公交车站,购物:便利店,基础设施:交通设施:公交车站,地名地址:行政地名,旅游景点:风景名胜,地名地址:行政地名,地名地址:道路名,基础设施:道路附属:桥,购物:便利店"
"(13, 26)","美食:海鲜,基础设施:公共设施:公共厕所,旅游景点:其它旅游景点,美食:中餐厅:其它中餐厅,地名地址:行政地名,旅游景点:公园,旅游景点:公园,旅游景点:其它旅游景点,地名地址:行政地名,教育学校:小学,运动健身:网球场,地名地址:自然地名:河流,旅游景点:风景名胜,房产小区:住宅区:住宅小区,旅游景点:其它旅游景点,旅游景点:其它旅游景点,旅游景点:其它旅游景点,房产小区:住宅区:住宅小区,房产小区:住宅区:住宅小区,娱乐休闲:其它娱乐休闲"
"(9, 25)","室内及附属设施:通行设施类:门/出入口,购物:农贸市场,房产小区:住宅区:住宅小区,生活服务:美容美发:美发,教育学校:职业技术学校,教育学校:中学,购物:农贸市场,酒店宾馆:其它酒店宾馆,医疗保健:医疗保健附属,美食:火锅,酒店宾馆:酒店宾馆,娱乐休闲:网吧,购物:农贸市场,美食:中餐厅:川菜,美食:中餐厅:川菜,房产小区:住宅区:住宅小区,房产小区:住宅区:住宅小区,房产小区:住宅区:住宅小区,运动健身:台球馆,购物:超市"
"(8, 26)","房产小区:住宅区:住宅小区,地名地址:行政地名,文化场馆:文化宫,地名地址:行政地名,地名地址:行政地名,地名地址:行政地名,基础设施:道路附属:路口,房产小区:产业园区"
"(9, 26)","娱乐休闲:户外活动:垂钓园,娱乐休闲:户外活动:采摘园,地名地址:行政地名,地名地址:行政地名,旅游景点:城市广场,娱乐休闲:户外活动:采摘园,地名地址:行政地名,地名地址:行政地名,娱乐休闲:户外活动:采摘园,购物:农贸市场,娱乐休闲:户外活动:露营地,娱乐休闲:户外活动:采摘园"
"(11, 28)",娱乐休闲:其它娱乐休闲
"(12, 28)",None
"(13, 24)","基础设施:公共设施:公共厕所,公司企业:公司企业,娱乐休闲:户外活动:游乐场,地名地址:行政地名,地名地址:行政地名,旅游景点:公园,基础设施:交通设施:地铁站,旅游景点:其它旅游景点,房产小区:房产小区附属,地名地址:行政地名,旅游景点:其它旅游景点,房产小区:房产小区附属,娱乐休闲:其它娱乐休闲,地名地址:自然地名:河流,地名地址:行政地名,基础设施:道路附属:路口,基础设施:交通设施:公交车站,房产小区:住宅区:住宅小区,机构团体:政府机关,地名地址:行政地名"
"(8, 27)","房产小区:住宅区:住宅小区,地名地址:行政地名,文化场馆:文化宫,地名地址:行政地名,地名地址:行政地名,地名地址:行政地名,基础设施:道路附属:路口,房产小区:产业园区"
"(5, 19)","基础设施:道路附属:收费站,基础设施:道路附属:收费站,地名地址:自然地名:山,地名地址:行政地名,地名地址:行政地名,地名地址:行政地名,生活服务:丧葬,地名地址:行政地名,基础设施:道路附属:路口,地名地址:道路名,基础设施:道路附属:路口"
"(5, 18)","基础设施:道路附属:收费站,基础设施:道路附属:收费站,地名地址:自然地名:山,地名地址:行政地名,地名地址:行政地名,地名地址:行政地名,生活服务:丧葬,地名地址:行政地名,基础设施:道路附属:路口,地名地址:道路名,基础设施:道路附属:路口"
"(10, 15)",None
"(11, 14)",None
"(11, 18)",None
"(10, 19)",None
"(12, 13)","汽车:汽车销售,汽车:汽车销售,汽车:汽车维修,汽车:汽车销售,汽车:汽车销售,房产小区:产业园区,汽车:汽车销售,汽车:汽车销售,汽车:汽车销售,汽车:汽车销售,汽车:汽车销售,汽车:汽车销售,汽车:汽车销售,汽车:汽车销售,汽车:汽车销售,汽车:汽车销售,汽车:汽车销售,房产小区:商务楼宇,汽车:汽车销售,生活服务:装修"
"(1, 18)",房产小区:住宅区:住宅小区
"(2, 19)","汽车:加油站:中石油,基础设施:交通设施:公交车站,基础设施:道路附属:路口,基础设施:交通设施:公交线路,地名地址:行政地名,基础设施:道路附属:路口,地名地址:道路名,地名地址:行政地名,生活服务:废品收购站"
"(4, 18)",房产小区:住宅区:住宅小区
"(7, 16)","酒店宾馆:酒店宾馆,旅游景点:水族馆,房产小区:住宅区:住宅小区,酒店宾馆:酒店宾馆,房产小区:住宅区:住宅小区,房产小区:住宅区:住宅小区,酒店宾馆:酒店宾馆,房产小区:住宅区:住宅小区,房产小区:住宅区:住宅小区,房产小区:住宅区:住宅小区,娱乐休闲:网吧,教育学校:幼儿园,地名地址:行政地名,房产小区:住宅区:住宅小区,房产小区:住宅区:住宅小区,房产小区:住宅区:住宅小区,机构团体:公检法机构,教育学校:小学,房产小区:住宅区:住宅小区,运动健身:综合体育场馆"
"(5, 13)","房产小区:产业园区,地名地址:行政地名,房产小区:产业园区,机构团体:科研机构,地名地址:行政地名,房产小区:产业园区,公司企业:公司企业,地名地址:行政地名,公司企业:公司企业,地名地址:行政地名,汽车:汽车销售,地名地址:行政地名,公司企业:公司企业,基础设施:交通设施:公交车站,基础设施:交通设施:公交车站,公司企业:公司企业,公司企业:公司企业,地名地址:行政地名,基础设施:交通设施:公交车站,地名地址:行政地名"
"(10, 14)","美食:中餐厅:其它中餐厅,公司企业:公司企业,基础设施:交通设施:火车站,地名地址:行政地名,房产小区:产业园区,购物:其它购物,医疗保健:诊所,教育学校:中学,公司企业:公司企业,美食:中餐厅:川菜,房产小区:住宅区:宿舍,教育学校:中学,房产小区:住宅区:住宅小区,房产小区:住宅区:住宅小区,美食:中餐厅:其它中餐厅,公司企业:公司企业,美食:火锅,购物:便利店,娱乐休闲:洗浴推拿足疗:按摩,汽车:汽车租赁"
"(11, 19)",旅游景点:公园
"(0, 15)","地名地址:道路名,地名地址:行政地名,汽车:汽车维修,娱乐休闲:其它娱乐休闲,基础设施:道路附属:路口,公司企业:农林牧渔基地,基础设施:交通设施:公交车站,娱乐休闲:户外活动:采摘园,基础设施:交通设施:公交车站,公司企业:农林牧渔基地,地名地址:行政地名,教育学校:幼儿园,基础设施:道路附属:路口,生活服务:废品收购站,汽车:加油站:充电站,地名地址:道路名,基础设施:道路附属:路口,基础设施:道路附属:路口,基础设施:道路附属:路口,生活服务:其它生活服务"
"(7, 17)",None
"(8, 18)",None
"(10, 13)","美食:中餐厅:其它中餐厅,公司企业:公司企业,基础设施:交通设施:火车站,地名地址:行政地名,房产小区:产业园区,购物:其它购物,医疗保健:诊所,教育学校:中学,公司企业:公司企业,美食:中餐厅:川菜,房产小区:住宅区:宿舍,教育学校:中学,房产小区:住宅区:住宅小区,房产小区:住宅区:住宅小区,美食:中餐厅:其它中餐厅,公司企业:公司企业,美食:火锅,购物:便利店,娱乐休闲:洗浴推拿足疗:按摩,汽车:汽车租赁"
"(14, 20)","房产小区:住宅区:住宅小区,房产小区:住宅区:住宅小区,美食:小吃快餐,美食:火锅,购物:综合商场:购物中心,房产小区:商务楼宇,房产小区:住宅区:住宅小区,娱乐休闲:洗浴推拿足疗:足疗,汽车:汽车维修,美食:小吃快餐,房产小区:商务楼宇,基础设施:道路附属:路口,娱乐休闲:KTV,教育学校:小学,房产小区:商务楼宇,美食:火锅,银行金融:银行,美食:烧烤,房产小区:住宅区:住宅小区,娱乐休闲:茶馆"
"(14, 21)","房产小区:住宅区:住宅小区,房产小区:住宅区:住宅小区,美食:小吃快餐,美食:火锅,购物:综合商场:购物中心,房产小区:商务楼宇,房产小区:住宅区:住宅小区,娱乐休闲:洗浴推拿足疗:足疗,汽车:汽车维修,美食:小吃快餐,房产小区:商务楼宇,基础设施:道路附属:路口,娱乐休闲:KTV,教育学校:小学,房产小区:商务楼宇,美食:火锅,银行金融:银行,美食:烧烤,房产小区:住宅区:住宅小区,娱乐休闲:茶馆"
"(8, 11)",公司企业:公司企业
"(4, 19)",房产小区:住宅区:住宅小区
"(7, 12)","基础设施:交通设施:地铁站,地名地址:行政地名,基础设施:交通设施:公交车站,房产小区:住宅区:住宅小区,房产小区:住宅区:住宅小区,机构团体:公检法机构,房产小区:产业园区,汽车:车辆管理机构,公司企业:公司企业,房产小区:住宅区:住宅小区,汽车:停车场,地名地址:行政地名,购物:家具家居建材:家具家居,地名地址:行政地名,汽车:车辆管理机构,基础设施:交通设施:公交车站,地名地址:行政地名,公司企业:公司企业,房产小区:住宅区:住宅小区,银行金融:银行"
"(6, 16)",None
"(10, 20)",None
"(9, 13)",房产小区:产业园区
"(9, 19)","地名地址:行政地名,地名地址:行政地名,房产小区:住宅区:住宅小区,地名地址:行政地名,地名地址:道路名"
"(9, 21)","公司企业:公司企业,购物:家具家居建材:建材,公司企业:公司企业,机构团体:政府机关,基础设施:交通设施:公交车站,公司企业:企业/工厂,购物:农贸市场,购物:超市,教育学校:小学,医疗保健:药房药店,美食:家常菜,美食:小吃快餐,美食:中餐厅:其它中餐厅,购物:超市,美食:火锅,医疗保健:药房药店,购物:超市,地名地址:行政地名,生活服务:邮局速递:速递,地名地址:行政地名"
"(6, 25)",None
"(7, 23)","基础设施:交通设施:公交车站,娱乐休闲:其它娱乐休闲,娱乐休闲:其它娱乐休闲,地名地址:行政地名,娱乐休闲:户外活动:垂钓园,地名地址:行政地名,基础设施:交通设施:公交车站,美食:中餐厅:其它中餐厅,机构团体:传媒机构,基础设施:交通设施:公交车站,娱乐休闲:户外活动:拓展培训,酒店宾馆:农家院,地名地址:行政地名,基础设施:道路附属:路口,地名地址:道路名,基础设施:道路附属:路口,娱乐休闲:其它娱乐休闲,公司企业:农林牧渔基地"
"(7, 24)","美食:中餐厅:其它中餐厅,娱乐休闲:户外活动:垂钓园,基础设施:交通设施:公交车站,地名地址:行政地名,娱乐休闲:其它娱乐休闲,基础设施:道路附属:桥,地名地址:道路名,地名地址:行政地名"
"(0, 16)","基础设施:交通设施:公交车站,基础设施:交通设施:公交车站,地名地址:行政地名,医疗保健:专科医院:胸科,基础设施:交通设施:公交车站,公司企业:企业/工厂,机构团体:政府机关,地名地址:行政地名,地名地址:行政地名,地名地址:行政地名,地名地址:道路名,旅游景点:其它旅游景点,基础设施:道路附属:路口,公司企业:农林牧渔基地"
"(1, 15)",None
"(13, 27)",None
"(8, 22)","基础设施:道路附属:收费站,地名地址:行政地名,地名地址:行政地名,美食:中餐厅:其它中餐厅,娱乐休闲:户外活动:采摘园,公司企业:公司企业,基础设施:道路附属:收费站,机构团体:政府机关,地名地址:行政地名,地名地址:行政地名,地名地址:行政地名,娱乐休闲:户外活动:垂钓园,汽车:汽车维修,公司企业:公司企业,基础设施:道路附属:路口,机构团体:政府机关,汽车:洗车场,汽车:洗车场,机构团体:社会团体,公司企业:公司企业"
"(7, 22)","基础设施:道路附属:收费站,地名地址:行政地名,地名地址:行政地名,美食:中餐厅:其它中餐厅,娱乐休闲:户外活动:采摘园,公司企业:公司企业,基础设施:道路附属:收费站,机构团体:政府机关,地名地址:行政地名,地名地址:行政地名,地名地址:行政地名,娱乐休闲:户外活动:垂钓园,汽车:汽车维修,公司企业:公司企业,基础设施:道路附属:路口,机构团体:政府机关,汽车:洗车场,汽车:洗车场,机构团体:社会团体,公司企业:公司企业"
"(8, 20)","美食:农家菜,娱乐休闲:户外活动:采摘园,美食:中餐厅:其它中餐厅,地名地址:行政地名,房产小区:产业园区,娱乐休闲:户外活动:垂钓园,基础设施:交通设施:公交车站,生活服务:宠物服务:其它宠物服务,基础设施:交通设施:公交车站,教育学校:培训,公司企业:农林牧渔基地,基础设施:道路附属:路口,基础设施:道路附属:路口,基础设施:道路附属:路口,基础设施:道路附属:路口,娱乐休闲:其它娱乐休闲"
"(5, 16)",房产小区:住宅区:住宅小区
"(0, 14)","地名地址:道路名,地名地址:行政地名,汽车:汽车维修,娱乐休闲:其它娱乐休闲,基础设施:道路附属:路口,公司企业:农林牧渔基地,基础设施:交通设施:公交车站,娱乐休闲:户外活动:采摘园,基础设施:交通设施:公交车站,公司企业:农林牧渔基地,地名地址:行政地名,教育学校:幼儿园,基础设施:道路附属:路口,生活服务:废品收购站,汽车:加油站:充电站,地名地址:道路名,基础设施:道路附属:路口,基础设施:道路附属:路口,基础设施:道路附属:路口,生活服务:其它生活服务"
"(0, 24)",None
"(6, 18)",None
"(5, 15)",房产小区:住宅区:住宅小区
"(5, 12)","房产小区:产业园区,地名地址:行政地名,房产小区:产业园区,机构团体:科研机构,地名地址:行政地名,房产小区:产业园区,公司企业:公司企业,地名地址:行政地名,公司企业:公司企业,地名地址:行政地名,汽车:汽车销售,地名地址:行政地名,公司企业:公司企业,基础设施:交通设施:公交车站,基础设施:交通设施:公交车站,公司企业:公司企业,公司企业:公司企业,地名地址:行政地名,基础设施:交通设施:公交车站,地名地址:行政地名"
"(5, 17)",房产小区:住宅区:住宅小区
"(4, 17)","美食:中餐厅:其它中餐厅,公司企业:公司企业,地名地址:行政地名,公司企业:公司企业,地名地址:行政地名,基础设施:道路附属:路口,旅游景点:其它旅游景点,基础设施:交通设施:公交车站,生活服务:邮局速递:物流公司,基础设施:道路附属:路口,地名地址:行政地名,地名地址:行政地名,机构团体:政府机关,房产小区:住宅区:住宅小区,公司企业:公司企业,房产小区:住宅区:住宅小区,机构团体:政府机关,房产小区:住宅区:住宅小区,地名地址:行政地名,房产小区:住宅区:住宅小区"
"(1, 17)",房产小区:产业园区
"(0, 17)",None
"(8, 17)","基础设施:交通设施:地铁站,房产小区:住宅区:住宅小区,房产小区:产业园区,房产小区:住宅区:住宅小区,房产小区:住宅区:住宅小区,基础设施:交通设施:公交车站,房产小区:住宅区:住宅小区,房产小区:住宅区:住宅小区,地名地址:行政地名,房产小区:房产小区附属,地名地址:行政地名,房产小区:房产小区附属,地名地址:行政地名,房产小区:住宅区:住宅小区,地名地址:行政地名,房产小区:住宅区:住宅小区,地名地址:自然地名:山,地名地址:行政地名,地名地址:道路名,房产小区:住宅区:住宅小区"
"(3, 16)","基础设施:交通设施:公交车站,地名地址:行政地名,地名地址:自然地名:山,基础设施:道路附属:路口,地名地址:行政地名,基础设施:交通设施:地铁站,地名地址:道路名,生活服务:废品收购站,生活服务:废品收购站,基础设施:道路附属:路口,基础设施:道路附属:路口"
"(3, 17)",房产小区:住宅区:住宅小区
"(2, 17)",房产小区:产业园区
"(2, 16)","美食:小吃快餐,基础设施:交通设施:公交车站,房产小区:产业园区,机构团体:科研机构,房产小区:产业园区,旅游景点:公园,公司企业:公司企业,地名地址:道路名,房产小区:住宅区:住宅小区,地名地址:行政地名,公司企业:公司企业,公司企业:公司企业,房产小区:住宅区:住宅小区,美食:小吃快餐,公司企业:公司企业,公司企业:公司企业,酒店宾馆:酒店宾馆,酒店宾馆:酒店宾馆,美食:中餐厅:川菜,公司企业:公司企业"
"(5, 20)","地名地址:行政地名,购物:便利店,地名地址:行政地名,地名地址:行政地名,基础设施:道路附属:路口,地名地址:行政地名"
"(4, 20)","基础设施:交通设施:公交车站,美食:其它美食,房产小区:住宅区:住宅小区,基础设施:交通设施:公交车站,基础设施:交通设施:公交车站,地名地址:行政地名,基础设施:交通设施:公交车站,机构团体:政府机关,购物:烟酒专卖,机构团体:政府机关,机构团体:政府机关"
"(4, 21)","基础设施:交通设施:公交车站,美食:其它美食,房产小区:住宅区:住宅小区,基础设施:交通设施:公交车站,基础设施:交通设施:公交车站,地名地址:行政地名,基础设施:交通设施:公交车站,机构团体:政府机关,购物:烟酒专卖,机构团体:政府机关,机构团体:政府机关"
"(11, 13)","美食:中餐厅:其它中餐厅,公司企业:公司企业,基础设施:交通设施:火车站,地名地址:行政地名,房产小区:产业园区,购物:其它购物,医疗保健:诊所,教育学校:中学,公司企业:公司企业,美食:中餐厅:川菜,房产小区:住宅区:宿舍,教育学校:中学,房产小区:住宅区:住宅小区,房产小区:住宅区:住宅小区,美食:中餐厅:其它中餐厅,公司企业:公司企业,美食:火锅,购物:便利店,娱乐休闲:洗浴推拿足疗:按摩,汽车:汽车租赁"
"(3, 18)","房产小区:住宅区:住宅小区,旅游景点:风景名胜,购物:家具家居建材:建材,美食:火锅,地名地址:行政地名,地名地址:道路名,基础设施:交通设施:公交车站,房产小区:住宅区:住宅小区,房产小区:住宅区:住宅小区,基础设施:道路附属:路口,基础设施:道路附属:路口,房产小区:房产小区附属,基础设施:道路附属:路口,基础设施:道路附属:路口,地名地址:道路名,地名地址:道路名,基础设施:道路附属:路口,地名地址:行政地名,地名地址:行政地名"
"(1, 19)","地名地址:行政地名,基础设施:道路附属:服务区,基础设施:交通设施:公交车站,地名地址:行政地名,美食:中餐厅:川菜,地名地址:行政地名,机构团体:政府机关,房产小区:住宅区:住宅小区,汽车:加油站:中石油,机构团体:社会团体,房产小区:住宅区:住宅小区,美食:中餐厅:其它中餐厅,汽车:加油站:中石油,房产小区:住宅区:住宅小区,地名地址:行政地名,购物:农贸市场,教育学校:小学,生活服务:邮局速递:邮局,汽车:加油站:中石油,机构团体:社会团体"
"(1, 20)","地名地址:行政地名,基础设施:道路附属:服务区,基础设施:交通设施:公交车站,地名地址:行政地名,美食:中餐厅:川菜,地名地址:行政地名,机构团体:政府机关,房产小区:住宅区:住宅小区,汽车:加油站:中石油,机构团体:社会团体,房产小区:住宅区:住宅小区,美食:中餐厅:其它中餐厅,汽车:加油站:中石油,房产小区:住宅区:住宅小区,地名地址:行政地名,购物:农贸市场,教育学校:小学,生活服务:邮局速递:邮局,汽车:加油站:中石油,机构团体:社会团体"
"(0, 20)","地名地址:行政地名,基础设施:道路附属:服务区,基础设施:交通设施:公交车站,地名地址:行政地名,美食:中餐厅:川菜,地名地址:行政地名,机构团体:政府机关,房产小区:住宅区:住宅小区,汽车:加油站:中石油,机构团体:社会团体,房产小区:住宅区:住宅小区,美食:中餐厅:其它中餐厅,汽车:加油站:中石油,房产小区:住宅区:住宅小区,地名地址:行政地名,购物:农贸市场,教育学校:小学,生活服务:邮局速递:邮局,汽车:加油站:中石油,机构团体:社会团体"
"(4, 16)","基础设施:交通设施:地铁站,地名地址:行政地名,房产小区:住宅区:住宅小区,旅游景点:公园,公司企业:公司企业,公司企业:公司企业,地名地址:自然地名:山,基础设施:道路附属:路口,购物:综合商场,公司企业:公司企业,地名地址:行政地名,地名地址:行政地名,房产小区:住宅区:住宅小区,房产小区:住宅区:住宅小区,购物:烟酒专卖,基础设施:道路附属:路口,汽车:停车场,房产小区:住宅区:住宅小区,房产小区:住宅区:住宅小区,公司企业:公司企业"
"(1, 21)","娱乐休闲:其它娱乐休闲,酒店宾馆:星级酒店,公司企业:公司企业,地名地址:行政地名,地名地址:行政地名,地名地址:行政地名,地名地址:道路名,基础设施:道路附属:路口,基础设施:道路附属:路口,公司企业:公司企业,生活服务:宠物服务:宠物市场,公司企业:公司企业"
"(13, 25)","基础设施:公共设施:公共厕所,公司企业:公司企业,娱乐休闲:户外活动:游乐场,地名地址:行政地名,地名地址:行政地名,旅游景点:公园,基础设施:交通设施:地铁站,旅游景点:其它旅游景点,房产小区:房产小区附属,地名地址:行政地名,旅游景点:其它旅游景点,房产小区:房产小区附属,娱乐休闲:其它娱乐休闲,地名地址:自然地名:河流,地名地址:行政地名,基础设施:道路附属:路口,基础设施:交通设施:公交车站,房产小区:住宅区:住宅小区,机构团体:政府机关,地名地址:行政地名"
"(2, 18)","旅游景点:公园,房产小区:住宅区:其它住宅区,公司企业:公司企业,旅游景点:公园,机构团体:传媒机构,房产小区:商务楼宇,旅游景点:其它旅游景点,基础设施:道路附属:路口,旅游景点:风景名胜,基础设施:道路附属:路口,基础设施:道路附属:路口,运动健身:其它运动健身,基础设施:交通设施:港口码头,基础设施:道路附属:路口,基础设施:道路附属:路口,基础设施:道路附属:路口,地名地址:行政地名,地名地址:道路名,基础设施:道路附属:路口,房产小区:商务楼宇"
"(10, 28)",旅游景点:风景名胜
"(3, 13)","地名地址:行政地名,房产小区:住宅区:住宅小区,地名地址:行政地名,地名地址:行政地名,购物:便利店,基础设施:交通设施:公交车站,房产小区:住宅区:住宅小区,娱乐休闲:茶馆,娱乐休闲:茶馆,地名地址:行政地名,机构团体:政府机关,地名地址:行政地名,地名地址:行政地名,地名地址:行政地名,地名地址:道路名,地名地址:其它地名地址,购物:数码家电,生活服务:丧葬,娱乐休闲:茶馆,汽车:汽车租赁"
"(3, 12)",None
"(3, 15)","基础设施:交通设施:地铁站,地名地址:行政地名,房产小区:住宅区:住宅小区,旅游景点:公园,公司企业:公司企业,公司企业:公司企业,地名地址:自然地名:山,基础设施:道路附属:路口,购物:综合商场,公司企业:公司企业,地名地址:行政地名,地名地址:行政地名,房产小区:住宅区:住宅小区,房产小区:住宅区:住宅小区,购物:烟酒专卖,基础设施:道路附属:路口,汽车:停车场,房产小区:住宅区:住宅小区,房产小区:住宅区:住宅小区,公司企业:公司企业"
"(5, 21)","地名地址:行政地名,美食:其它美食,地名地址:行政地名,地名地址:行政地名,旅游景点:国家级景点"
"(6, 22)",None
"(8, 21)",None
"(7, 26)","教育学校:小学,地名地址:行政地名,旅游景点:植物园,娱乐休闲:其它娱乐休闲,机构团体:政府机关,地名地址:行政地名,地名地址:行政地名,地名地址:行政地名,公司企业:公司企业,地名地址:行政地名,地名地址:行政地名,地名地址:行政地名,公司企业:企业/工厂,美食:中餐厅:其它中餐厅,酒店宾馆:农家院,地名地址:行政地名,地名地址:行政地名,地名地址:行政地名,地名地址:行政地名,教育学校:幼儿园"
"(5, 28)","地名地址:行政地名,地名地址:行政地名,地名地址:行政地名,地名地址:行政地名,地名地址:行政地名"
"(1, 16)","医疗保健:综合医院,地名地址:行政地名,房产小区:住宅区:住宅小区,公司企业:公司企业,地名地址:行政地名,公司企业:公司企业,医疗保健:专科医院:齿科,公司企业:公司企业,地名地址:行政地名,基础设施:道路附属:路口,文化场馆:科技馆,基础设施:交通设施:公交车站,基础设施:道路附属:路口,购物:其它购物,医疗保健:医疗保健附属,地名地址:道路名,基础设施:道路附属:路口,公司企业:公司企业,公司企业:公司企业,机构团体:政府机关"
"(0, 28)","地名地址:行政地名,地名地址:行政地名,地名地址:行政地名,地名地址:行政地名,地名地址:行政地名"
"(0, 27)",None
"(0, 13)","地名地址:行政地名,机构团体:政府机关,地名地址:行政地名,公司企业:公司企业,购物:家具家居建材:家具家居,机构团体:政府机关,地名地址:自然地名:河流,地名地址:行政地名,地名地址:行政地名,地名地址:道路名,机构团体:政府机关"
"(3, 20)",娱乐休闲:户外活动:游乐场
"(0, 19)",None
"(0, 18)","娱乐休闲:户外活动:露营地,地名地址:行政地名,基础设施:道路附属:路口,地名地址:行政地名,地名地址:行政地名"
"(1, 13)","基础设施:道路附属:收费站,生活服务:其它生活服务,旅游景点:其它旅游景点,娱乐休闲:其它娱乐休闲,地名地址:行政地名,汽车:加油站:中石油,旅游景点:纪念馆,旅游景点:纪念馆,地名地址:行政地名,娱乐休闲:其它娱乐休闲,生活服务:丧葬,教育学校:其它教育学校,公司企业:农林牧渔基地,地名地址:行政地名,地名地址:自然地名:河流,娱乐休闲:其它娱乐休闲,地名地址:行政地名,娱乐休闲:户外活动:采摘园,房产小区:住宅区:住宅小区,机构团体:政府机关"
"(2, 13)",None
"(3, 14)","地名地址:行政地名,房产小区:住宅区:住宅小区,地名地址:行政地名,地名地址:行政地名,购物:便利店,基础设施:交通设施:公交车站,房产小区:住宅区:住宅小区,娱乐休闲:茶馆,娱乐休闲:茶馆,地名地址:行政地名,机构团体:政府机关,地名地址:行政地名,地名地址:行政地名,地名地址:行政地名,地名地址:道路名,地名地址:其它地名地址,购物:数码家电,生活服务:丧葬,娱乐休闲:茶馆,汽车:汽车租赁"
"(2, 14)","地名地址:行政地名,房产小区:住宅区:住宅小区,地名地址:行政地名,地名地址:行政地名,购物:便利店,基础设施:交通设施:公交车站,房产小区:住宅区:住宅小区,娱乐休闲:茶馆,娱乐休闲:茶馆,地名地址:行政地名,机构团体:政府机关,地名地址:行政地名,地名地址:行政地名,地名地址:行政地名,地名地址:道路名,地名地址:其它地名地址,购物:数码家电,生活服务:丧葬,娱乐休闲:茶馆,汽车:汽车租赁"
"(4, 13)",None
"(6, 17)",房产小区:住宅区:住宅小区
"(2, 27)",None
"(2, 28)",None
"(0, 25)","娱乐休闲:其它娱乐休闲,机构团体:政府机关,娱乐休闲:户外活动:露营地,地名地址:行政地名,地名地址:行政地名,地名地址:行政地名,房产小区:住宅区:住宅小区,地名地址:行政地名,旅游景点:景点公园附属,公司企业:公司企业,公司企业:公司企业,机构团体:政府机关"
"(0, 22)","地名地址:行政地名,地名地址:行政地名,机构团体:政府机关,旅游景点:风景名胜,机构团体:社会团体,美食:小吃快餐,教育学校:小学,旅游景点:寺庙道观,地名地址:行政地名,地名地址:行政地名,旅游景点:城市广场,地名地址:行政地名,旅游景点:其它旅游景点,娱乐休闲:户外活动:采摘园,地名地址:行政地名,房产小区:住宅区:住宅小区,文化场馆:其它文化场馆,机构团体:政府机关,地名地址:行政地名,娱乐休闲:户外活动:拓展培训"
"(14, 18)","房产小区:住宅区:住宅小区,教育学校:大学,机构团体:政府机关,酒店宾馆:经济型酒店,房产小区:住宅区:住宅小区,房产小区:住宅区:住宅小区,机构团体:政府机关,机构团体:政府机关,地名地址:行政地名,美食:中餐厅:其它中餐厅,美食:小吃快餐,房产小区:住宅区:住宅小区,房产小区:住宅区:住宅小区,教育学校:职业技术学校,运动健身:足球场,房产小区:住宅区:住宅小区,酒店宾馆:酒店宾馆,购物:综合商场,房产小区:住宅区:住宅小区,房产小区:商务楼宇"
"(14, 23)","美食:中餐厅:其它中餐厅,基础设施:道路附属:桥,购物:其它购物,地名地址:行政地名,地名地址:行政地名,娱乐休闲:户外活动:垂钓园,地名地址:行政地名,地名地址:行政地名,地名地址:行政地名,娱乐休闲:户外活动:垂钓园,地名地址:道路名,基础设施:道路附属:路口,公司企业:公司企业"
"(3, 21)",None
"(2, 22)",None
"(1, 22)",None
"(7, 28)","地名地址:行政地名,地名地址:自然地名:河流,地名地址:行政地名,地名地址:行政地名,生活服务:丧葬,地名地址:行政地名,娱乐休闲:其它娱乐休闲,地名地址:行政地名,娱乐休闲:其它娱乐休闲,地名地址:行政地名,地名地址:行政地名,地名地址:行政地名,地名地址:行政地名,地名地址:行政地名,地名地址:行政地名,地名地址:行政地名,地名地址:行政地名,地名地址:行政地名,地名地址:行政地名,地名地址:行政地名"
"(0, 21)",None
"(6, 28)","地名地址:行政地名,地名地址:行政地名,地名地址:行政地名,地名地址:行政地名,地名地址:行政地名"
"(3, 25)","地名地址:行政地名,房产小区:房产小区附属,地名地址:行政地名,机构团体:政府机关,娱乐休闲:酒吧,地名地址:行政地名,地名地址:行政地名,基础设施:交通设施:公交线路,生活服务:其它生活服务,地名地址:门牌信息,基础设施:道路附属:路口,旅游景点:风景名胜,娱乐休闲:其它娱乐休闲,酒店宾馆:其它酒店宾馆,机构团体:政府机关,机构团体:政府机关,机构团体:政府机关"
"(6, 12)","购物:家具家居建材:建材,房产小区:住宅区:住宅小区,地名地址:行政地名,房产小区:产业园区,房产小区:产业园区,房产小区:产业园区,基础设施:交通设施:公交车站,公司企业:公司企业,房产小区:产业园区,房产小区:产业园区,地名地址:行政地名,公司企业:公司企业,公司企业:公司企业,购物:超市,基础设施:道路附属:路口,娱乐休闲:其它娱乐休闲,地名地址:行政地名,地名地址:行政地名,酒店宾馆:农家院,公司企业:公司企业"
"(13, 28)",None
"(2, 12)","机构团体:政府机关,公司企业:农林牧渔基地,地名地址:行政地名,机构团体:政府机关,地名地址:行政地名,地名地址:行政地名,地名地址:行政地名,基础设施:交通设施:公交车站,地名地址:行政地名,生活服务:美容美发:美容SPA,购物:其它购物,地名地址:道路名,基础设施:道路附属:路口,房产小区:住宅区:住宅小区"
"(6, 19)","公司企业:公司企业,地名地址:行政地名,地名地址:行政地名,房产小区:房产小区附属,地名地址:行政地名,地名地址:行政地名,地名地址:道路名,房产小区:住宅区:住宅小区,地名地址:行政地名,房产小区:房产小区附属,房产小区:住宅区:住宅小区,基础设施:道路附属:路口,地名地址:道路名,基础设施:道路附属:路口,基础设施:道路附属:路口,基础设施:道路附属:路口,生活服务:其它生活服务"
"(3, 26)",None
"(15, 15)",None
"(25, 21)",None
"(24, 20)",None
"(22, 18)",None
"(21, 18)",None
"(20, 17)",None
"(19, 16)",None
"(18, 16)",None
"(18, 15)",None
"(18, 14)",房产小区:住宅区:住宅小区
"(15, 14)","机构团体:政府机关,房产小区:住宅区:住宅小区,房产小区:住宅区:住宅小区,房产小区:住宅区:住宅小区,房产小区:产业园区,酒店宾馆:酒店宾馆,汽车:汽车俱乐部,购物:农贸市场,房产小区:住宅区:住宅小区,房产小区:住宅区:住宅小区,房产小区:住宅区:住宅小区,房产小区:商务楼宇,酒店宾馆:经济型酒店,房产小区:住宅区:住宅小区,房产小区:商务楼宇,地名地址:行政地名,房产小区:住宅区:住宅小区,房产小区:住宅区:住宅小区,娱乐休闲:咖啡厅,房产小区:住宅区:住宅小区"
"(15, 13)","机构团体:政府机关,房产小区:住宅区:住宅小区,房产小区:住宅区:住宅小区,房产小区:住宅区:住宅小区,房产小区:产业园区,酒店宾馆:酒店宾馆,汽车:汽车俱乐部,购物:农贸市场,房产小区:住宅区:住宅小区,房产小区:住宅区:住宅小区,房产小区:住宅区:住宅小区,房产小区:商务楼宇,酒店宾馆:经济型酒店,房产小区:住宅区:住宅小区,房产小区:商务楼宇,地名地址:行政地名,房产小区:住宅区:住宅小区,房产小区:住宅区:住宅小区,娱乐休闲:咖啡厅,房产小区:住宅区:住宅小区"
"(16, 15)","教育学校:职业技术学校,房产小区:住宅区:住宅小区,房产小区:住宅区:住宅小区,购物:综合商场:购物中心,美食:中餐厅:川菜,基础设施:交通设施:地铁站,房产小区:住宅区:住宅小区,房产小区:商务楼宇,酒店宾馆:酒店宾馆,银行金融:银行,美食:中餐厅:川菜,教育学校:大学,房产小区:住宅区:住宅小区,旅游景点:风景名胜,机构团体:政府机关,房产小区:房产小区附属,生活服务:宠物服务:宠物医院,房产小区:住宅区:住宅小区,房产小区:住宅区:住宅小区,美食:火锅"
"(17, 15)",文化场馆:博物馆
"(16, 14)","教育学校:职业技术学校,房产小区:住宅区:住宅小区,房产小区:住宅区:住宅小区,购物:综合商场:购物中心,美食:中餐厅:川菜,基础设施:交通设施:地铁站,房产小区:住宅区:住宅小区,房产小区:商务楼宇,酒店宾馆:酒店宾馆,银行金融:银行,美食:中餐厅:川菜,教育学校:大学,房产小区:住宅区:住宅小区,旅游景点:风景名胜,机构团体:政府机关,房产小区:房产小区附属,生活服务:宠物服务:宠物医院,房产小区:住宅区:住宅小区,房产小区:住宅区:住宅小区,美食:火锅"
"(14, 13)",房产小区:产业园区
"(17, 14)",旅游景点:公园
"(16, 13)","娱乐休闲:KTV,酒店宾馆:酒店宾馆,酒店宾馆:酒店宾馆,娱乐休闲:KTV,酒店宾馆:经济型酒店,酒店宾馆:酒店宾馆,购物:家具家居建材,医疗保健:专科医院:其它专科医院,房产小区:商务楼宇,酒店宾馆:酒店宾馆,房产小区:住宅区:住宅小区,美食:中餐厅:其它中餐厅,房产小区:住宅区:住宅小区,娱乐休闲:茶馆,美食:中餐厅:其它中餐厅,地名地址:行政地名,娱乐休闲:KTV,娱乐休闲:剧场音乐厅:剧场,房产小区:住宅区:住宅小区,房产小区:住宅区:住宅小区"
"(17, 16)","酒店宾馆:星级酒店,房产小区:住宅区:住宅小区,机构团体:政府机关,银行金融:银行,房产小区:商务楼宇,生活服务:装修,房产小区:住宅区:住宅小区,房产小区:商务楼宇,房产小区:住宅区:住宅小区,银行金融:银行,购物:综合商场:购物中心,娱乐休闲:KTV,酒店宾馆:星级酒店,房产小区:商务楼宇,运动健身:游泳馆,酒店宾馆:酒店宾馆,房产小区:住宅区:住宅小区,房产小区:商务楼宇,购物:综合商场,酒店宾馆:酒店宾馆"
"(14, 16)",房产小区:商务楼宇
"(17, 13)",None
"(18, 13)",房产小区:住宅区:住宅小区
"(15, 16)","房产小区:住宅区:住宅小区,酒店宾馆:星级酒店,房产小区:商务楼宇,酒店宾馆:酒店宾馆,美食:火锅,医疗保健:专科医院:整形,娱乐休闲:咖啡厅,娱乐休闲:洗浴推拿足疗,美食:火锅,房产小区:商务楼宇,酒店宾馆:经济型酒店,房产小区:住宅区:住宅小区,房产小区:住宅区:住宅小区,房产小区:商务楼宇,地名地址:热点区域:商圈类,娱乐休闲:KTV,房产小区:商务楼宇,房产小区:商务楼宇,购物:综合商场:购物中心,房产小区:住宅区:住宅小区"
"(17, 17)",None
"(16, 18)",None
"(17, 23)","教育学校:大学,房产小区:住宅区:住宅小区,房产小区:住宅区:住宅小区,地名地址:行政地名,基础设施:交通设施:公交车站,地名地址:行政地名,基础设施:道路附属:路口,教育学校:大学,基础设施:道路附属:路口,地名地址:行政地名,地名地址:道路名,地名地址:行政地名,基础设施:道路附属:路口,基础设施:道路附属:路口,房产小区:住宅区:住宅小区,地名地址:行政地名,生活服务:其它生活服务"
"(16, 23)","教育学校:大学,房产小区:住宅区:住宅小区,房产小区:住宅区:住宅小区,地名地址:行政地名,基础设施:交通设施:公交车站,地名地址:行政地名,基础设施:道路附属:路口,教育学校:大学,基础设施:道路附属:路口,地名地址:行政地名,地名地址:道路名,地名地址:行政地名,基础设施:道路附属:路口,基础设施:道路附属:路口,房产小区:住宅区:住宅小区,地名地址:行政地名,生活服务:其它生活服务"
"(18, 23)","地名地址:道路名,地名地址:行政地名,机构团体:政府机关,地名地址:行政地名,基础设施:道路附属:路口,地名地址:行政地名,地名地址:行政地名,地名地址:行政地名,地名地址:道路名,地名地址:行政地名,地名地址:行政地名,地名地址:行政地名,基础设施:道路附属:路口,基础设施:道路附属:桥"
"(20, 23)","地名地址:行政地名,公司企业:公司企业,地名地址:热点区域:商圈类,公司企业:企业/工厂,公司企业:公司企业,机构团体:政府机关,公司企业:公司企业,地名地址:其它地名地址,地名地址:行政地名,地名地址:行政地名,基础设施:道路附属:其它道路附属,地名地址:行政地名,地名地址:其它地名地址,公司企业:公司企业,公司企业:公司企业,地名地址:行政地名,地名地址:行政地名,公司企业:公司企业,公司企业:企业/工厂"
"(18, 26)","公司企业:公司企业,地名地址:行政地名,地名地址:行政地名,娱乐休闲:户外活动:垂钓园,公司企业:公司企业,娱乐休闲:户外活动:垂钓园,地名地址:行政地名,公司企业:农林牧渔基地,地名地址:行政地名,娱乐休闲:户外活动:采摘园,地名地址:自然地名:河流,娱乐休闲:酒吧,地名地址:道路名,公司企业:公司企业,基础设施:道路附属:路口"
"(22, 21)","美食:中餐厅:川菜,旅游景点:其它旅游景点,美食:火锅,旅游景点:风景名胜,酒店宾馆:酒店宾馆,美食:火锅,美食:中餐厅:川菜,教育学校:中学,美食:中餐厅:其它中餐厅,教育学校:小学,地名地址:行政地名,旅游景点:公园,运动健身:健身中心,娱乐休闲:KTV,基础设施:道路附属:桥,公司企业:公司企业,美食:火锅,房产小区:房产小区附属,基础设施:交通设施:公交车站,房产小区:住宅区:住宅小区"
"(23, 20)","房产小区:住宅区:住宅小区,房产小区:住宅区:别墅,运动健身:高尔夫场,室内及附属设施:通行设施类:门/出入口,基础设施:道路附属:路口,地名地址:行政地名,房产小区:住宅区:住宅小区,地名地址:行政地名"
"(22, 22)","教育学校:培训,地名地址:行政地名,旅游景点:其它旅游景点,基础设施:道路附属:路口,公司企业:公司企业,购物:超市,美食:其它美食,地名地址:道路名,地名地址:行政地名,地名地址:行政地名,地名地址:行政地名,地名地址:行政地名,地名地址:行政地名,公司企业:公司企业,房产小区:住宅区:别墅,生活服务:装修,公司企业:公司企业,公司企业:公司企业,教育学校:中学,生活服务:其它生活服务"
"(23, 21)","美食:中餐厅:川菜,旅游景点:其它旅游景点,美食:火锅,旅游景点:风景名胜,酒店宾馆:酒店宾馆,美食:火锅,美食:中餐厅:川菜,教育学校:中学,美食:中餐厅:其它中餐厅,教育学校:小学,地名地址:行政地名,旅游景点:公园,运动健身:健身中心,娱乐休闲:KTV,基础设施:道路附属:桥,公司企业:公司企业,美食:火锅,房产小区:房产小区附属,基础设施:交通设施:公交车站,房产小区:住宅区:住宅小区"
"(24, 22)","娱乐休闲:其它娱乐休闲,旅游景点:寺庙道观,地名地址:行政地名,地名地址:行政地名,地名地址:行政地名,其它,旅游景点:城市广场,地名地址:行政地名,旅游景点:其它旅游景点,旅游景点:寺庙道观,地名地址:行政地名,地名地址:行政地名,公司企业:其它公司企业"
"(24, 18)","地名地址:行政地名,公司企业:公司企业,地名地址:行政地名,基础设施:道路附属:路口,基础设施:交通设施:公交车站,房产小区:住宅区:住宅小区,地名地址:行政地名,旅游景点:风景名胜,旅游景点:景点公园附属,基础设施:交通设施:公交车站,地名地址:行政地名,地名地址:行政地名,旅游景点:景点公园附属,旅游景点:景点公园附属,地名地址:行政地名,地名地址:行政地名,地名地址:道路名,地名地址:行政地名,地名地址:行政地名,机构团体:政府机关"
"(23, 19)",房产小区:住宅区:住宅小区
"(24, 19)","地名地址:道路名,房产小区:住宅区:住宅小区,地名地址:行政地名,生活服务:邮局速递:物流仓储场地,旅游景点:风景名胜,基础设施:道路附属:桥,公司企业:公司企业,生活服务:其它生活服务,地名地址:行政地名,地名地址:行政地名,医疗保健:药房药店,基础设施:道路附属:路口,房产小区:房产小区附属,房产小区:房产小区附属,房产小区:住宅区:住宅小区,汽车:汽车维修,基础设施:道路附属:路口,基础设施:道路附属:路口,基础设施:道路附属:道路出入口,汽车:停车场"
"(24, 16)","旅游景点:其它旅游景点,旅游景点:风景名胜,旅游景点:景点公园附属,购物:便利店,地名地址:行政地名,地名地址:行政地名,基础设施:道路附属:桥,地名地址:行政地名,地名地址:行政地名,地名地址:道路名,地名地址:道路名,地名地址:行政地名,基础设施:道路附属:桥,基础设施:道路附属:路口,基础设施:道路附属:收费站,购物:超市,旅游景点:景点公园附属,地名地址:行政地名,地名地址:行政地名,地名地址:行政地名"
"(24, 17)","旅游景点:其它旅游景点,旅游景点:风景名胜,旅游景点:景点公园附属,购物:便利店,地名地址:行政地名,地名地址:行政地名,基础设施:道路附属:桥,地名地址:行政地名,地名地址:行政地名,地名地址:道路名,地名地址:道路名,地名地址:行政地名,基础设施:道路附属:桥,基础设施:道路附属:路口,基础设施:道路附属:收费站,购物:超市,旅游景点:景点公园附属,地名地址:行政地名,地名地址:行政地名,地名地址:行政地名"
"(24, 15)",旅游景点:风景名胜
"(24, 13)",基础设施:道路附属:路口
"(26, 13)","购物:眼镜店,教育学校:小学,购物:农贸市场,银行金融:银行,房产小区:住宅区:住宅小区,旅游景点:城市广场,房产小区:住宅区:住宅小区,教育学校:中学,房产小区:住宅区:住宅小区,房产小区:住宅区:住宅小区,房产小区:住宅区:住宅小区,汽车:加油站:其它加油站,房产小区:住宅区:住宅小区,房产小区:住宅区:住宅小区,购物:超市,房产小区:住宅区:住宅小区,购物:超市,医疗保健:卫生院,酒店宾馆:酒店宾馆,酒店宾馆:酒店宾馆"
"(25, 14)",生活服务:装修
"(25, 13)",生活服务:装修
"(24, 14)",None
"(20, 13)",公司企业:公司企业
"(20, 14)",公司企业:公司企业
"(21, 15)",房产小区:住宅区:住宅小区
"(15, 20)",房产小区:产业园区
"(16, 20)",None
"(17, 21)",None
"(18, 22)",None
"(17, 20)",None
"(18, 21)",None
"(20, 20)",None
"(20, 19)",None
"(19, 21)","地名地址:热点区域:商圈类,教育学校:中学,房产小区:住宅区:住宅小区,地名地址:行政地名,地名地址:行政地名,美食:小吃快餐,基础设施:交通设施:公交车站,汽车:加油站:其它加油站,购物:数码家电,房产小区:住宅区:住宅小区,教育学校:幼儿园,房产小区:住宅区:住宅小区,地名地址:行政地名,地名地址:其它地名地址,汽车:驾校,基础设施:交通设施:地铁站,基础设施:交通设施:地铁站,公司企业:公司企业,地名地址:行政地名,地名地址:行政地名"
"(19, 20)","旅游景点:公园,基础设施:公共设施:公共厕所,基础设施:道路附属:路口,娱乐休闲:其它娱乐休闲,房产小区:住宅区:住宅小区,地名地址:行政地名,娱乐休闲:户外活动:露营地,美食:火锅,教育学校:其它教育学校,汽车:汽车销售,房产小区:房产小区附属,地名地址:道路名,旅游景点:城市广场,美食:小吃快餐,美食:其它美食,基础设施:道路附属:路口,娱乐休闲:户外活动:游乐场,美食:中餐厅:川菜,娱乐休闲:其它娱乐休闲,娱乐休闲:茶馆"
"(18, 20)","地名地址:热点区域:商圈类,教育学校:中学,房产小区:住宅区:住宅小区,地名地址:行政地名,地名地址:行政地名,美食:小吃快餐,基础设施:交通设施:公交车站,汽车:加油站:其它加油站,购物:数码家电,房产小区:住宅区:住宅小区,教育学校:幼儿园,房产小区:住宅区:住宅小区,地名地址:行政地名,地名地址:其它地名地址,汽车:驾校,基础设施:交通设施:地铁站,基础设施:交通设施:地铁站,公司企业:公司企业,地名地址:行政地名,地名地址:行政地名"
"(20, 18)","房产小区:住宅区:住宅小区,运动健身:综合体育场馆,旅游景点:动物园,房产小区:住宅区:住宅小区,美食:中餐厅:其它中餐厅,美食:中餐厅:其它中餐厅,美食:火锅,房产小区:房产小区附属,房产小区:住宅区:住宅小区,酒店宾馆:酒店宾馆,酒店宾馆:公寓式酒店,美食:火锅,房产小区:住宅区:住宅小区,娱乐休闲:茶馆,购物:超市,房产小区:住宅区:住宅小区,教育学校:小学,房产小区:住宅区:住宅小区,生活服务:福利院养老院,公司企业:公司企业"
"(20, 16)","旅游景点:公园,旅游景点:公园,地名地址:行政地名,地名地址:行政地名,公司企业:公司企业,地名地址:行政地名,机构团体:政府机关,旅游景点:其它旅游景点,旅游景点:城市广场,教育学校:培训,旅游景点:清真寺,地名地址:道路名,公司企业:公司企业,公司企业:公司企业,地名地址:行政地名,地名地址:行政地名,生活服务:丧葬,教育学校:培训,生活服务:丧葬,旅游景点:其它旅游景点"
"(19, 18)",美食:火锅
"(21, 20)","旅游景点:国家级景点,基础设施:交通设施:公交车站,基础设施:道路附属:路口,地名地址:行政地名,地名地址:道路名,地名地址:行政地名,地名地址:道路名,地名地址:行政地名,地名地址:行政地名,地名地址:行政地名"
"(21, 17)","旅游景点:城市广场,地名地址:行政地名,地名地址:行政地名,公司企业:公司企业,地名地址:行政地名,基础设施:交通设施:公交线路,基础设施:交通设施:公交线路,地名地址:行政地名,生活服务:美容美发:美容SPA,地名地址:行政地名,公司企业:公司企业,购物:家具家居建材:灯具用品,生活服务:装修,公司企业:公司企业,公司企业:公司企业,生活服务:邮局速递:速递,公司企业:其它公司企业,生活服务:邮局速递:速递,地名地址:行政地名"
"(23, 15)","美食:其它美食,购物:便利店,教育学校:幼儿园,房产小区:住宅区:住宅小区,房产小区:住宅区:住宅小区,医疗保健:药房药店,娱乐休闲:茶馆,汽车:汽车维修,地名地址:行政地名,房产小区:住宅区:住宅小区,生活服务:邮局速递:物流公司,汽车:汽车维修,娱乐休闲:洗浴推拿足疗:按摩,购物:超市,汽车:汽车养护,公司企业:企业/工厂,娱乐休闲:茶馆,娱乐休闲:网吧,购物:农贸市场,购物:商业步行街"
"(23, 14)","美食:其它美食,购物:便利店,教育学校:幼儿园,房产小区:住宅区:住宅小区,房产小区:住宅区:住宅小区,医疗保健:药房药店,娱乐休闲:茶馆,汽车:汽车维修,地名地址:行政地名,房产小区:住宅区:住宅小区,生活服务:邮局速递:物流公司,汽车:汽车维修,娱乐休闲:洗浴推拿足疗:按摩,购物:超市,汽车:汽车养护,公司企业:企业/工厂,娱乐休闲:茶馆,娱乐休闲:网吧,购物:农贸市场,购物:商业步行街"
"(22, 15)","美食:其它美食,购物:便利店,教育学校:幼儿园,房产小区:住宅区:住宅小区,房产小区:住宅区:住宅小区,医疗保健:药房药店,娱乐休闲:茶馆,汽车:汽车维修,地名地址:行政地名,房产小区:住宅区:住宅小区,生活服务:邮局速递:物流公司,汽车:汽车维修,娱乐休闲:洗浴推拿足疗:按摩,购物:超市,汽车:汽车养护,公司企业:企业/工厂,娱乐休闲:茶馆,娱乐休闲:网吧,购物:农贸市场,购物:商业步行街"
"(22, 14)",None
"(21, 14)",None
"(19, 15)",None
"(20, 15)",None
"(19, 17)",None
"(15, 17)","娱乐休闲:茶馆,娱乐休闲:KTV,房产小区:住宅区:住宅小区,美食:中餐厅:川菜,购物:综合商场:购物中心,美食:冷饮店,美食:冷饮店,娱乐休闲:KTV,娱乐休闲:洗浴推拿足疗,购物:服饰鞋包:鞋店,娱乐休闲:KTV,购物:综合商场,机构团体:公检法机构,银行金融:银行,娱乐休闲:茶馆,房产小区:住宅区:住宅小区,汽车:汽车销售,房产小区:商务楼宇,美食:火锅,房产小区:住宅区:住宅小区"
"(17, 19)","房产小区:商务楼宇,美食:火锅,美食:烧烤,美食:火锅,购物:其它购物,美食:中餐厅:其它中餐厅,酒店宾馆:酒店宾馆,娱乐休闲:KTV,美食:火锅,房产小区:商务楼宇,娱乐休闲:茶馆,娱乐休闲:茶馆,公司企业:公司企业,银行金融:银行,酒店宾馆:酒店宾馆,房产小区:住宅区:住宅小区,美食:小吃快餐,娱乐休闲:茶馆,美食:烧烤,房产小区:住宅区:住宅小区"
"(18, 17)","房产小区:商务楼宇,房产小区:住宅区:住宅小区,房产小区:住宅区:住宅小区,房产小区:房产小区附属,酒店宾馆:经济型酒店,房产小区:住宅区:住宅小区,医疗保健:综合医院,美食:中餐厅:川菜,房产小区:住宅区:住宅小区,房产小区:住宅区:住宅小区,房产小区:住宅区:住宅小区,房产小区:住宅区:住宅小区,房产小区:住宅区:住宅小区,房产小区:住宅区:住宅小区,购物:便利店,房产小区:住宅区:宿舍,房产小区:住宅区:住宅小区,教育学校:幼儿园,房产小区:住宅区:住宅小区,公司企业:公司企业"
"(18, 18)",教育学校:教育学校附属
"(26, 11)",房产小区:住宅区:住宅小区
"(26, 15)","医疗保健:卫生院,美食:小吃快餐,银行金融:银行,医疗保健:药房药店,房产小区:住宅区:别墅,银行金融:银行,房产小区:住宅区:住宅小区,医疗保健:药房药店,地名地址:道路名,房产小区:住宅区:住宅小区,房产小区:住宅区:住宅小区,购物:农贸市场,购物:服饰鞋包:服装,酒店宾馆:酒店宾馆,教育学校:中学,娱乐休闲:KTV,购物:超市,酒店宾馆:酒店宾馆,购物:超市,酒店宾馆:酒店宾馆"
"(26, 16)","医疗保健:卫生院,美食:小吃快餐,银行金融:银行,医疗保健:药房药店,房产小区:住宅区:别墅,银行金融:银行,房产小区:住宅区:住宅小区,医疗保健:药房药店,地名地址:道路名,房产小区:住宅区:住宅小区,房产小区:住宅区:住宅小区,购物:农贸市场,购物:服饰鞋包:服装,酒店宾馆:酒店宾馆,教育学校:中学,娱乐休闲:KTV,购物:超市,酒店宾馆:酒店宾馆,购物:超市,酒店宾馆:酒店宾馆"
"(25, 15)",公司企业:企业/工厂
"(23, 18)",None
"(16, 19)",None
"(21, 16)",None
"(22, 17)",None
"(22, 16)",None
"(25, 23)",None
"(19, 14)","房产小区:商务楼宇,购物:综合商场,娱乐休闲:网吧,银行金融:银行,酒店宾馆:星级酒店,娱乐休闲:网吧,美食:火锅,房产小区:住宅区:住宅小区,酒店宾馆:酒店宾馆,房产小区:住宅区:住宅小区,汽车:汽车销售,房产小区:住宅区:住宅小区,酒店宾馆:经济型酒店,汽车:加油站:其它加油站,酒店宾馆:酒店宾馆,地名地址:热点区域:商圈类,基础设施:交通设施:地铁站,房产小区:住宅区:住宅小区,美食:小吃快餐,娱乐休闲:咖啡厅"
"(15, 23)",旅游景点:公园
"(15, 24)",旅游景点:公园
"(15, 21)","房产小区:房产小区附属,基础设施:道路附属:路口,房产小区:住宅区:住宅小区,娱乐休闲:亲子,房产小区:住宅区:住宅小区,旅游景点:公园,教育学校:职业技术学校,基础设施:道路附属:路口,地名地址:行政地名,旅游景点:公园,汽车:汽车维修,汽车:汽车维修,基础设施:交通设施:公交车站,购物:便利店,汽车:汽车维修,地名地址:行政地名,汽车:汽车维修,地名地址:行政地名,汽车:汽车维修,文化场馆:图书馆"
"(16, 21)","房产小区:房产小区附属,基础设施:道路附属:路口,房产小区:住宅区:住宅小区,娱乐休闲:亲子,房产小区:住宅区:住宅小区,旅游景点:公园,教育学校:职业技术学校,基础设施:道路附属:路口,地名地址:行政地名,旅游景点:公园,汽车:汽车维修,汽车:汽车维修,基础设施:交通设施:公交车站,购物:便利店,汽车:汽车维修,地名地址:行政地名,汽车:汽车维修,地名地址:行政地名,汽车:汽车维修,文化场馆:图书馆"
"(16, 16)","医疗保健:医疗保健附属:门诊部,医疗保健:医疗保健附属:其它医疗保健附属,酒店宾馆:酒店宾馆,酒店宾馆:酒店宾馆,医疗保健:医疗保健附属:其它医疗保健附属,酒店宾馆:酒店宾馆,医疗保健:医疗保健附属:其它医疗保健附属,医疗保健:医疗保健附属:急诊,医疗保健:专科医院:其它专科医院,医疗保健:专科医院:妇产科,医疗保健:综合医院,房产小区:住宅区:住宅小区,房产小区:住宅区:住宅小区,机构团体:政府机关,机构团体:公检法机构,教育学校:大学,基础设施:交通设施:地铁站,医疗保健:医疗保健附属,酒店宾馆:经济型酒店,医疗保健:疾病预防"
"(16, 17)","机构团体:政府机关,酒店宾馆:星级酒店,美食:中餐厅:川菜,地名地址:行政地名,美食:中餐厅:川菜,购物:综合商场:购物中心,房产小区:商务楼宇,房产小区:住宅区:住宅小区,汽车:加油站:中石油,银行金融:银行,美食:中餐厅:其它中餐厅,娱乐休闲:茶馆,机构团体:政府机关,房产小区:住宅区:住宅小区,美食:火锅,美食:中餐厅:川菜,房产小区:住宅区:住宅小区,房产小区:商务楼宇,酒店宾馆:酒店宾馆,房产小区:住宅区:住宅小区"
"(17, 18)","机构团体:政府机关,酒店宾馆:星级酒店,美食:中餐厅:川菜,地名地址:行政地名,美食:中餐厅:川菜,购物:综合商场:购物中心,房产小区:商务楼宇,房产小区:住宅区:住宅小区,汽车:加油站:中石油,银行金融:银行,美食:中餐厅:其它中餐厅,娱乐休闲:茶馆,机构团体:政府机关,房产小区:住宅区:住宅小区,美食:火锅,美食:中餐厅:川菜,房产小区:住宅区:住宅小区,房产小区:商务楼宇,酒店宾馆:酒店宾馆,房产小区:住宅区:住宅小区"
"(21, 19)",None
"(24, 21)",None
"(25, 20)",None
"(26, 20)",None
"(25, 16)",None
"(17, 25)","房产小区:住宅区:住宅小区,娱乐休闲:其它娱乐休闲,美食:火锅,教育学校:职业技术学校,地名地址:行政地名,公司企业:公司企业,汽车:车辆管理机构,地名地址:行政地名,教育学校:其它教育学校,美食:火锅,公司企业:企业/工厂,汽车:汽车养护,房产小区:商务楼宇,地名地址:行政地名,美食:中餐厅:其它中餐厅,基础设施:道路附属:路口,地名地址:道路名,公司企业:公司企业,机构团体:政府机关,公司企业:公司企业"
"(16, 26)","房产小区:住宅区:住宅小区,娱乐休闲:其它娱乐休闲,美食:火锅,教育学校:职业技术学校,地名地址:行政地名,公司企业:公司企业,汽车:车辆管理机构,地名地址:行政地名,教育学校:其它教育学校,美食:火锅,公司企业:企业/工厂,汽车:汽车养护,房产小区:商务楼宇,地名地址:行政地名,美食:中餐厅:其它中餐厅,基础设施:道路附属:路口,地名地址:道路名,公司企业:公司企业,机构团体:政府机关,公司企业:公司企业"
"(16, 25)","房产小区:住宅区:住宅小区,娱乐休闲:其它娱乐休闲,美食:火锅,教育学校:职业技术学校,地名地址:行政地名,公司企业:公司企业,汽车:车辆管理机构,地名地址:行政地名,教育学校:其它教育学校,美食:火锅,公司企业:企业/工厂,汽车:汽车养护,房产小区:商务楼宇,地名地址:行政地名,美食:中餐厅:其它中餐厅,基础设施:道路附属:路口,地名地址:道路名,公司企业:公司企业,机构团体:政府机关,公司企业:公司企业"
"(19, 26)","旅游景点:省级景点,地名地址:行政地名,娱乐休闲:其它娱乐休闲,地名地址:行政地名,教育学校:小学,运动健身:马术,地名地址:行政地名,地名地址:行政地名,地名地址:行政地名,地名地址:行政地名,地名地址:自然地名:河流,机构团体:政府机关,地名地址:行政地名,地名地址:行政地名,机构团体:政府机关,地名地址:行政地名,教育学校:幼儿园,地名地址:行政地名,美食:其它美食,地名地址:行政地名"
"(19, 25)","公司企业:公司企业,基础设施:道路附属:路口,基础设施:交通设施:公交车站,基础设施:道路附属:路口,地名地址:行政地名,基础设施:交通设施:公交车站,基础设施:道路附属:路口,公司企业:农林牧渔基地,生活服务:废品收购站,房产小区:产业园区,公司企业:公司企业,公司企业:公司企业,地名地址:行政地名,地名地址:道路名,地名地址:行政地名,基础设施:道路附属:路口,地名地址:道路名,基础设施:道路附属:路口,公司企业:公司企业,生活服务:丧葬"
"(20, 25)","公司企业:公司企业,基础设施:道路附属:路口,基础设施:交通设施:公交车站,基础设施:道路附属:路口,地名地址:行政地名,基础设施:交通设施:公交车站,基础设施:道路附属:路口,公司企业:农林牧渔基地,生活服务:废品收购站,房产小区:产业园区,地名地址:行政地名,公司企业:公司企业,公司企业:公司企业,地名地址:行政地名,地名地址:道路名,地名地址:行政地名,基础设施:道路附属:路口,地名地址:道路名,公司企业:公司企业,生活服务:丧葬"
"(21, 23)","房产小区:住宅区:住宅小区,公司企业:公司企业,汽车:汽车俱乐部,购物:便利店,购物:超市,地名地址:行政地名,生活服务:邮局速递:物流仓储场地,基础设施:道路附属:路口,美食:中餐厅:其它中餐厅,美食:烧烤,美食:中餐厅:其它中餐厅,娱乐休闲:茶馆,公司企业:公司企业,娱乐休闲:户外活动:采摘园,基础设施:交通设施:公交车站,医疗保健:诊所,地名地址:行政地名,地名地址:行政地名,生活服务:邮局速递:速递,购物:超市"
"(20, 22)","房产小区:住宅区:住宅小区,房产小区:住宅区:住宅小区,房产小区:住宅区:住宅小区,房产小区:住宅区:住宅小区,房产小区:住宅区:住宅小区,美食:农家菜,地名地址:热点区域:商圈类,娱乐休闲:茶馆,房产小区:房产小区附属,地名地址:其它地名地址,生活服务:邮局速递:物流公司,汽车:二手车交易市场,房产小区:房产小区附属,购物:家具家居建材:建材,公司企业:公司企业,汽车:驾校,教育学校:幼儿园,房产小区:房产小区附属,房产小区:住宅区:住宅小区,汽车:汽车维修"
"(20, 21)",None
"(14, 17)",房产小区:商务楼宇
"(15, 19)","基础设施:交通设施:火车站,房产小区:住宅区:住宅小区,房产小区:住宅区:住宅小区,房产小区:住宅区:住宅小区,房产小区:商务楼宇,教育学校:中学,地名地址:行政地名,基础设施:交通设施:地铁站,美食:小吃快餐,房产小区:住宅区:住宅小区,美食:火锅,基础设施:交通设施:长途汽车站,房产小区:住宅区:住宅小区,房产小区:住宅区:住宅小区,娱乐休闲:茶馆,房产小区:住宅区:住宅小区,房产小区:住宅区:住宅小区,房产小区:住宅区:住宅小区,酒店宾馆:酒店宾馆,教育学校:幼儿园"
"(22, 13)",房产小区:房产小区附属
"(19, 13)","美食:中餐厅:川菜,娱乐休闲:KTV,机构团体:科研机构,美食:中餐厅:川菜,美食:火锅,娱乐休闲:洗浴推拿足疗,美食:中餐厅:川菜,房产小区:住宅区:住宅小区,美食:中餐厅:粤菜,美食:西餐:其它西餐,银行金融:银行,地名地址:行政地名,购物:家具家居建材,美食:火锅,房产小区:住宅区:住宅小区,房产小区:住宅区:住宅小区,旅游景点:城市广场,医疗保健:其它医疗保健,房产小区:住宅区:住宅小区,房产小区:住宅区:住宅小区"
"(23, 13)",None
"(18, 19)","房产小区:住宅区:住宅小区,机构团体:公检法机构,公司企业:公司企业,美食:火锅,生活服务:装修,酒店宾馆:酒店宾馆,房产小区:产业园区,娱乐休闲:洗浴推拿足疗:按摩,房产小区:商务楼宇,旅游景点:国家级景点,房产小区:住宅区:住宅小区,酒店宾馆:星级酒店,房产小区:住宅区:住宅小区,酒店宾馆:酒店宾馆,房产小区:住宅区:住宅小区,房产小区:住宅区:住宅小区,房产小区:住宅区:住宅小区,娱乐休闲:茶馆,房产小区:商务楼宇,酒店宾馆:酒店宾馆"
"(15, 18)","房产小区:住宅区:住宅小区,房产小区:住宅区:住宅小区,房产小区:住宅区:住宅小区,机构团体:公检法机构,美食:中餐厅:酒楼,美食:中餐厅:川菜,地名地址:行政地名,美食:中餐厅:川菜,美食:中餐厅:川菜,房产小区:住宅区:住宅小区,房产小区:商务楼宇,美食:小吃快餐,房产小区:住宅区:其它住宅区,房产小区:住宅区:住宅小区,房产小区:住宅区:住宅小区,房产小区:住宅区:住宅小区,酒店宾馆:酒店宾馆,地名地址:热点区域:商圈类,房产小区:住宅区:住宅小区,房产小区:住宅区:住宅小区"
"(18, 28)",None
"(19, 28)",None
"(26, 23)",None
"(23, 16)",房产小区:住宅区:其它住宅区
"(26, 19)",None
"(15, 12)",房产小区:产业园区
"(26, 27)","汽车:加油站:其它加油站,地名地址:行政地名,地名地址:行政地名,地名地址:行政地名,地名地址:行政地名,基础设施:道路附属:路口,基础设施:道路附属:路口,公司企业:公司企业,地名地址:行政地名"
"(21, 27)","房产小区:住宅区:住宅小区,地名地址:行政地名,公司企业:公司企业,娱乐休闲:酒吧,房产小区:住宅区:住宅小区,生活服务:其它生活服务,公司企业:公司企业,房产小区:住宅区:住宅小区,生活服务:邮局速递:速递,基础设施:交通设施:长途汽车站,汽车:汽车养护,房产小区:住宅区:住宅小区,公司企业:公司企业,公司企业:企业/工厂,娱乐休闲:茶馆,公司企业:公司企业,教育学校:成人教育,公司企业:公司企业,地名地址:行政地名,地名地址:行政地名"
"(20, 26)","房产小区:住宅区:住宅小区,地名地址:行政地名,公司企业:公司企业,娱乐休闲:酒吧,房产小区:住宅区:住宅小区,生活服务:其它生活服务,公司企业:公司企业,房产小区:住宅区:住宅小区,生活服务:邮局速递:速递,基础设施:交通设施:长途汽车站,汽车:汽车养护,房产小区:住宅区:住宅小区,公司企业:公司企业,公司企业:企业/工厂,娱乐休闲:茶馆,公司企业:公司企业,教育学校:成人教育,公司企业:公司企业,地名地址:行政地名,地名地址:行政地名"
"(20, 27)","房产小区:住宅区:住宅小区,地名地址:行政地名,公司企业:公司企业,娱乐休闲:酒吧,房产小区:住宅区:住宅小区,生活服务:其它生活服务,公司企业:公司企业,房产小区:住宅区:住宅小区,生活服务:邮局速递:速递,基础设施:交通设施:长途汽车站,汽车:汽车养护,房产小区:住宅区:住宅小区,公司企业:公司企业,公司企业:企业/工厂,娱乐休闲:茶馆,公司企业:公司企业,教育学校:成人教育,公司企业:公司企业,地名地址:行政地名,地名地址:行政地名"
"(25, 22)",房产小区:住宅区:住宅小区
"(25, 24)","购物:超市,娱乐休闲:户外活动:露营地,美食:海鲜,汽车:汽车维修,地名地址:行政地名,地名地址:行政地名,美食:中餐厅:川菜,购物:便利店,旅游景点:公园,机构团体:政府机关,公司企业:公司企业,地名地址:行政地名,公司企业:公司企业,地名地址:行政地名,教育学校:幼儿园,地名地址:行政地名,公司企业:公司企业,美食:中餐厅:川菜,地名地址:其它地名地址,机构团体:政府机关"
"(25, 25)",None
"(26, 24)","房产小区:房产小区附属,公司企业:公司企业,公司企业:公司企业,公司企业:公司企业,公司企业:公司企业,公司企业:公司企业,公司企业:企业/工厂,购物:便利店,房产小区:产业园区,公司企业:公司企业,公司企业:公司企业,公司企业:公司企业,公司企业:公司企业,教育学校:幼儿园,公司企业:公司企业,公司企业:公司企业,公司企业:公司企业,公司企业:公司企业,公司企业:公司企业,购物:超市"
"(26, 22)","医疗保健:专科医院:妇产科,房产小区:住宅区:住宅小区,教育学校:大学,基础设施:交通设施:地铁站,房产小区:住宅区:住宅小区,医疗保健:诊所,房产小区:住宅区:住宅小区,酒店宾馆:经济型酒店,购物:花鸟鱼虫,房产小区:住宅区:住宅小区,娱乐休闲:KTV,酒店宾馆:酒店宾馆,医疗保健:体检,房产小区:住宅区:住宅小区,房产小区:住宅区:住宅小区,酒店宾馆:公寓式酒店,娱乐休闲:洗浴推拿足疗:足疗,地名地址:道路名,娱乐休闲:网吧,酒店宾馆:酒店宾馆"
"(24, 12)","购物:超市,美食:其它美食,购物:其它购物,机构团体:政府机关,基础设施:交通设施:公交车站,汽车:驾校,购物:农贸市场,购物:花鸟鱼虫,地名地址:行政地名,公司企业:公司企业,公司企业:公司企业,公司企业:公司企业,地名地址:行政地名,公司企业:公司企业,公司企业:公司企业,地名地址:行政地名,公司企业:公司企业,地名地址:行政地名,地名地址:行政地名,地名地址:行政地名"
"(25, 12)","地名地址:行政地名,公司企业:公司企业,教育学校:小学,地名地址:行政地名,公司企业:公司企业,公司企业:公司企业,地名地址:行政地名,公司企业:公司企业,购物:便利店,公司企业:公司企业,公司企业:公司企业,生活服务:宠物服务:宠物商店,生活服务:邮局速递:速递,公司企业:公司企业,公司企业:企业/工厂,公司企业:企业/工厂,公司企业:公司企业,地名地址:行政地名,公司企业:公司企业,地名地址:行政地名"
"(22, 24)",None
"(19, 24)","地名地址:行政地名,生活服务:邮局速递:物流公司,地名地址:行政地名,地名地址:行政地名,公司企业:公司企业,地名地址:行政地名,地名地址:行政地名,运动健身:其它运动健身,地名地址:行政地名,娱乐休闲:其它娱乐休闲,娱乐休闲:其它娱乐休闲"
"(18, 24)","娱乐休闲:户外活动:采摘园,公司企业:公司企业,机构团体:政府机关,公司企业:公司企业,地名地址:行政地名,房产小区:产业园区,生活服务:邮局速递:物流仓储场地,地名地址:行政地名,酒店宾馆:农家院,生活服务:邮局速递:物流仓储场地,公司企业:公司企业,地名地址:行政地名,公司企业:公司企业,地名地址:行政地名,汽车:加油站:充电站,购物:超市,生活服务:其它生活服务,公司企业:公司企业,地名地址:行政地名,地名地址:行政地名"
"(23, 25)","机构团体:其它机构团体,娱乐休闲:茶馆,公司企业:农林牧渔基地,娱乐休闲:户外活动:垂钓园,汽车:加油站:其它加油站,教育学校:其它教育学校,娱乐休闲:其它娱乐休闲,教育学校:小学,基础设施:交通设施:公交车站,地名地址:行政地名,地名地址:行政地名,地名地址:行政地名,购物:家具家居建材:建材,公司企业:公司企业,公司企业:公司企业,地名地址:道路名,地名地址:道路名,公司企业:公司企业,公司企业:公司企业,汽车:驾校"
"(19, 23)","地名地址:行政地名,公司企业:公司企业,地名地址:热点区域:商圈类,公司企业:企业/工厂,公司企业:公司企业,机构团体:政府机关,公司企业:公司企业,地名地址:其它地名地址,地名地址:行政地名,地名地址:行政地名,基础设施:道路附属:其它道路附属,地名地址:行政地名,地名地址:其它地名地址,公司企业:公司企业,公司企业:公司企业,地名地址:行政地名,地名地址:行政地名,公司企业:公司企业,公司企业:企业/工厂"
"(21, 25)",公司企业:公司企业
"(17, 24)","娱乐休闲:户外活动:采摘园,公司企业:公司企业,机构团体:政府机关,公司企业:公司企业,地名地址:行政地名,房产小区:产业园区,生活服务:邮局速递:物流仓储场地,地名地址:行政地名,酒店宾馆:农家院,生活服务:邮局速递:物流仓储场地,公司企业:公司企业,地名地址:行政地名,公司企业:公司企业,地名地址:行政地名,汽车:加油站:充电站,购物:超市,生活服务:其它生活服务,公司企业:公司企业,地名地址:行政地名,地名地址:行政地名"
"(20, 24)","娱乐休闲:户外活动:垂钓园,地名地址:行政地名,公司企业:公司企业,地名地址:行政地名,地名地址:行政地名,地名地址:行政地名,公司企业:公司企业,地名地址:行政地名,生活服务:废品收购站,地名地址:行政地名,公司企业:公司企业"
"(22, 25)","机构团体:其它机构团体,娱乐休闲:茶馆,公司企业:农林牧渔基地,娱乐休闲:户外活动:垂钓园,汽车:加油站:其它加油站,教育学校:其它教育学校,娱乐休闲:其它娱乐休闲,教育学校:小学,基础设施:交通设施:公交车站,地名地址:行政地名,地名地址:行政地名,地名地址:行政地名,购物:家具家居建材:建材,公司企业:公司企业,公司企业:公司企业,地名地址:道路名,地名地址:道路名,公司企业:公司企业,公司企业:公司企业,汽车:驾校"
"(24, 25)",房产小区:住宅区:住宅小区
"(26, 21)",None
"(16, 27)",None
"(16, 28)",None
"(25, 28)","医疗保健:专科医院:其它专科医院,教育学校:中学,汽车:汽车养护,地名地址:行政地名,教育学校:小学,公司企业:公司企业,基础设施:交通设施:公交车站,地名地址:行政地名,公司企业:公司企业,地名地址:行政地名,基础设施:交通设施:公交车站,基础设施:交通设施:公交车站,公司企业:公司企业,生活服务:通讯服务:中国电信营业厅,教育学校:幼儿园,地名地址:行政地名,公司企业:公司企业,医疗保健:药房药店,教育学校:幼儿园,医疗保健:药房药店"
"(23, 27)","地名地址:行政地名,娱乐休闲:户外活动:垂钓园,娱乐休闲:户外活动:采摘园,地名地址:行政地名,公司企业:公司企业,地名地址:行政地名,地名地址:行政地名,娱乐休闲:户外活动:垂钓园,地名地址:道路名,公司企业:公司企业"
"(24, 27)","美食:中餐厅:川菜,娱乐休闲:户外活动:垂钓园,美食:中餐厅:其它中餐厅,地名地址:行政地名,机构团体:社会团体,地名地址:行政地名,地名地址:行政地名,医疗保健:卫生院,购物:烟酒专卖,娱乐休闲:其它娱乐休闲,文化场馆:图书馆,购物:家具家居建材:厨房用品,购物:超市,购物:家具家居建材:卫浴用品,公司企业:企业/工厂,机构团体:政府机关,机构团体:政府机关"
"(23, 28)","地名地址:行政地名,酒店宾馆:其它酒店宾馆,娱乐休闲:户外活动:垂钓园,地名地址:行政地名,地名地址:行政地名,公司企业:公司企业,教育学校:中学,基础设施:道路附属:路口,公司企业:农林牧渔基地,公司企业:农林牧渔基地,地名地址:道路名,基础设施:道路附属:路口,地名地址:道路名,基础设施:道路附属:路口,公司企业:公司企业,地名地址:道路名,娱乐休闲:其它娱乐休闲"
"(22, 28)","地名地址:行政地名,酒店宾馆:其它酒店宾馆,娱乐休闲:户外活动:垂钓园,地名地址:行政地名,地名地址:行政地名,公司企业:公司企业,教育学校:中学,基础设施:道路附属:路口,公司企业:农林牧渔基地,公司企业:农林牧渔基地,地名地址:道路名,基础设施:道路附属:路口,地名地址:道路名,基础设施:道路附属:路口,公司企业:公司企业,地名地址:道路名,娱乐休闲:其它娱乐休闲"
"(16, 24)",None
"(14, 25)","旅游景点:公园,地名地址:行政地名,地名地址:行政地名,基础设施:道路附属:桥,基础设施:交通设施:公交车站,基础设施:交通设施:公交车站,运动健身:综合体育场馆,地名地址:行政地名,基础设施:道路附属:路口,地名地址:行政地名,教育学校:教育学校附属,运动健身:综合体育场馆,汽车:停车场,旅游景点:其它旅游景点,地名地址:行政地名,基础设施:道路附属:路口,基础设施:道路附属:道路出入口,汽车:停车场,娱乐休闲:其它娱乐休闲,运动健身:篮球场"
"(14, 24)","美食:中餐厅:其它中餐厅,基础设施:道路附属:桥,购物:其它购物,地名地址:行政地名,地名地址:行政地名,娱乐休闲:户外活动:垂钓园,地名地址:行政地名,地名地址:行政地名,地名地址:行政地名,娱乐休闲:户外活动:垂钓园,地名地址:道路名,基础设施:道路附属:路口,公司企业:公司企业"
"(15, 26)",None
"(15, 25)",None
"(21, 26)","房产小区:住宅区:住宅小区,地名地址:行政地名,公司企业:公司企业,娱乐休闲:酒吧,房产小区:住宅区:住宅小区,生活服务:其它生活服务,公司企业:公司企业,房产小区:住宅区:住宅小区,生活服务:邮局速递:速递,基础设施:交通设施:长途汽车站,汽车:汽车养护,房产小区:住宅区:住宅小区,公司企业:公司企业,公司企业:企业/工厂,娱乐休闲:茶馆,公司企业:公司企业,教育学校:成人教育,公司企业:公司企业,地名地址:行政地名,地名地址:行政地名"
"(19, 22)","房产小区:住宅区:住宅小区,房产小区:住宅区:住宅小区,房产小区:住宅区:住宅小区,房产小区:住宅区:住宅小区,房产小区:住宅区:住宅小区,美食:农家菜,地名地址:热点区域:商圈类,娱乐休闲:茶馆,房产小区:房产小区附属,地名地址:其它地名地址,生活服务:邮局速递:物流公司,汽车:二手车交易市场,房产小区:房产小区附属,购物:家具家居建材:建材,公司企业:公司企业,汽车:驾校,教育学校:幼儿园,房产小区:房产小区附属,房产小区:住宅区:住宅小区,汽车:汽车维修"
"(19, 19)",None
"(25, 19)",None
"(21, 21)","旅游景点:国家级景点,基础设施:交通设施:公交车站,基础设施:道路附属:路口,地名地址:行政地名,地名地址:道路名,地名地址:行政地名,地名地址:道路名,地名地址:行政地名,地名地址:行政地名,地名地址:行政地名"
"(21, 22)",None
"(16, 22)",房产小区:住宅区:住宅小区
"(17, 22)",房产小区:住宅区:住宅小区
"(26, 14)","购物:眼镜店,教育学校:小学,购物:农贸市场,银行金融:银行,房产小区:住宅区:住宅小区,旅游景点:城市广场,房产小区:住宅区:住宅小区,教育学校:中学,房产小区:住宅区:住宅小区,房产小区:住宅区:住宅小区,房产小区:住宅区:住宅小区,汽车:加油站:其它加油站,房产小区:住宅区:住宅小区,房产小区:住宅区:住宅小区,购物:超市,房产小区:住宅区:住宅小区,购物:超市,医疗保健:卫生院,酒店宾馆:酒店宾馆,酒店宾馆:酒店宾馆"
"(23, 24)","机构团体:政府机关,公司企业:公司企业,地名地址:行政地名,娱乐休闲:户外活动:垂钓园,生活服务:其它生活服务,地名地址:行政地名,地名地址:行政地名,地名地址:行政地名,地名地址:道路名,基础设施:道路附属:路口,医疗保健:社区医院,公司企业:公司企业,娱乐休闲:其它娱乐休闲,机构团体:公检法机构"
"(24, 24)",房产小区:住宅区:住宅小区
"(25, 26)","生活服务:其它生活服务,地名地址:行政地名,地名地址:行政地名,购物:眼镜店,地名地址:行政地名,购物:家具家居建材:卫浴用品,美食:其它美食,地名地址:行政地名,地名地址:行政地名,购物:家具家居建材:卫浴用品,购物:家具家居建材:卫浴用品,公司企业:农林牧渔基地,公司企业:农林牧渔基地"
"(26, 26)","公司企业:公司企业,公司企业:企业/工厂,地名地址:行政地名,地名地址:行政地名,公司企业:公司企业,生活服务:邮局速递:物流仓储场地,公司企业:公司企业,地名地址:行政地名,公司企业:公司企业,公司企业:公司企业,生活服务:装修,地名地址:行政地名,公司企业:公司企业,公司企业:公司企业,公司企业:公司企业,地名地址:行政地名,汽车:加油站:中石油,基础设施:道路附属:路口,生活服务:邮局速递:物流仓储场地,公司企业:公司企业"
"(15, 22)",None
"(17, 26)","房产小区:住宅区:住宅小区,房产小区:住宅区:住宅小区,地名地址:行政地名,房产小区:住宅区:住宅小区,房产小区:住宅区:住宅小区,房产小区:住宅区:住宅小区,地名地址:行政地名,房产小区:住宅区:住宅小区,房产小区:住宅区:住宅小区,房产小区:住宅区:住宅小区,房产小区:住宅区:住宅小区,公司企业:公司企业,房产小区:住宅区:住宅小区,房产小区:住宅区:住宅小区,美食:火锅,地名地址:行政地名,地名地址:行政地名,房产小区:住宅区:住宅小区,公司企业:公司企业,娱乐休闲:茶馆"
"(17, 27)","地名地址:行政地名,地名地址:行政地名,地名地址:行政地名,地名地址:行政地名,公司企业:公司企业,生活服务:邮局速递:物流公司,地名地址:行政地名,地名地址:行政地名,公司企业:公司企业,地名地址:自然地名:河流,机构团体:科研机构,地名地址:行政地名,公司企业:公司企业,公司企业:公司企业"
"(18, 27)","地名地址:行政地名,地名地址:行政地名,地名地址:行政地名,地名地址:行政地名,公司企业:公司企业,生活服务:邮局速递:物流公司,地名地址:行政地名,地名地址:行政地名,公司企业:公司企业,地名地址:自然地名:河流,机构团体:科研机构,地名地址:行政地名,公司企业:公司企业,公司企业:公司企业"
"(19, 27)","旅游景点:省级景点,地名地址:行政地名,娱乐休闲:其它娱乐休闲,地名地址:行政地名,教育学校:小学,运动健身:马术,地名地址:行政地名,地名地址:行政地名,地名地址:行政地名,地名地址:行政地名,地名地址:自然地名:河流,机构团体:政府机关,地名地址:行政地名,地名地址:行政地名,机构团体:政府机关,地名地址:行政地名,教育学校:幼儿园,地名地址:行政地名,美食:其它美食,地名地址:行政地名"
"(22, 20)",旅游景点:国家级景点
"(23, 17)",None
"(21, 24)","房产小区:住宅区:住宅小区,公司企业:公司企业,汽车:汽车俱乐部,购物:便利店,购物:超市,地名地址:行政地名,生活服务:邮局速递:物流仓储场地,基础设施:道路附属:路口,美食:中餐厅:其它中餐厅,美食:烧烤,美食:中餐厅:其它中餐厅,娱乐休闲:茶馆,公司企业:公司企业,娱乐休闲:户外活动:采摘园,基础设施:交通设施:公交车站,医疗保健:诊所,地名地址:行政地名,地名地址:行政地名,生活服务:邮局速递:速递,购物:超市"
"(22, 23)","房产小区:住宅区:住宅小区,公司企业:公司企业,汽车:汽车俱乐部,购物:便利店,购物:超市,地名地址:行政地名,生活服务:邮局速递:物流仓储场地,基础设施:道路附属:路口,美食:中餐厅:其它中餐厅,美食:烧烤,美食:中餐厅:其它中餐厅,娱乐休闲:茶馆,公司企业:公司企业,娱乐休闲:户外活动:采摘园,基础设施:交通设施:公交车站,医疗保健:诊所,地名地址:行政地名,地名地址:行政地名,生活服务:邮局速递:速递,购物:超市"
"(26, 18)","美食:中餐厅:其它中餐厅,地名地址:行政地名,基础设施:交通设施:地铁站,房产小区:住宅区:住宅小区,购物:农贸市场,公司企业:公司企业,地名地址:行政地名,美食:中餐厅:川菜,娱乐休闲:户外活动:采摘园,地名地址:行政地名,机构团体:科研机构,美食:家常菜,公司企业:公司企业,地名地址:道路名,公司企业:公司企业,美食:中餐厅:其它中餐厅,地名地址:行政地名,汽车:汽车养护,地名地址:行政地名,公司企业:农林牧渔基地"
"(26, 12)","教育学校:大学,教育学校:大学,教育学校:教育学校附属,房产小区:住宅区:住宅小区,房产小区:住宅区:住宅小区,房产小区:住宅区:住宅小区,房产小区:住宅区:宿舍,房产小区:住宅区:住宅小区,生活服务:废品收购站,房产小区:住宅区:宿舍,房产小区:住宅区:宿舍,购物:超市,房产小区:房产小区附属,房产小区:房产小区附属,房产小区:房产小区附属,房产小区:房产小区附属,娱乐休闲:KTV,公司企业:公司企业,购物:超市,娱乐休闲:网吧"
"(21, 13)",房产小区:住宅区:住宅小区
"(25, 17)",None
"(25, 11)",None
"(22, 19)","医疗保健:综合医院,旅游景点:植物园,基础设施:交通设施:公交车站,旅游景点:省级景点,地名地址:行政地名,医疗保健:医疗保健附属,教育学校:小学,生活服务:票务代售:景点售票,房产小区:住宅区:别墅,旅游景点:植物园,生活服务:丧葬,医疗保健:医疗保健附属:门诊部,地名地址:行政地名,旅游景点:植物园,购物:超市,医疗保健:其它医疗保健,地名地址:行政地名,地名地址:行政地名,旅游景点:植物园,旅游景点:植物园"
"(26, 17)","汽车:加油站:其它加油站,地名地址:行政地名,公司企业:公司企业,房产小区:住宅区:住宅小区,房产小区:住宅区:住宅小区,公司企业:公司企业,教育学校:小学,购物:超市,房产小区:住宅区:住宅小区,房产小区:住宅区:住宅小区,地名地址:行政地名,汽车:汽车养护,房产小区:住宅区:住宅小区,购物:自行车专卖,地名地址:行政地名,地名地址:行政地名,生活服务:邮局速递:物流公司,地名地址:道路名,汽车:洗车场,机构团体:政府机关"
"(14, 26)","地名地址:行政地名,机构团体:政府机关,地名地址:行政地名,地名地址:行政地名,地名地址:行政地名,地名地址:行政地名,旅游景点:城市广场,公司企业:公司企业,地名地址:道路名,医疗保健:卫生院,生活服务:其它生活服务,教育学校:其它教育学校,机构团体:政府机关,机构团体:政府机关"
"(15, 27)","基础设施:交通设施:公交车站,地名地址:行政地名,地名地址:行政地名,基础设施:交通设施:公交车站,美食:农家菜,购物:家具家居建材:建材,娱乐休闲:户外活动:垂钓园,生活服务:其它生活服务,地名地址:道路名,基础设施:道路附属:路口,基础设施:道路附属:路口,地名地址:道路名,生活服务:邮局速递:速递"
"(25, 18)","汽车:加油站:其它加油站,地名地址:行政地名,公司企业:公司企业,房产小区:住宅区:住宅小区,房产小区:住宅区:住宅小区,公司企业:公司企业,教育学校:小学,购物:超市,房产小区:住宅区:住宅小区,房产小区:住宅区:住宅小区,地名地址:行政地名,汽车:汽车养护,房产小区:住宅区:住宅小区,购物:自行车专卖,地名地址:行政地名,地名地址:行政地名,生活服务:邮局速递:物流公司,地名地址:道路名,汽车:洗车场,机构团体:政府机关"
"(14, 28)","地名地址:热点区域:商圈类,美食:中餐厅:川菜,地名地址:行政地名,房产小区:住宅区:住宅小区,房产小区:住宅区:住宅小区,地名地址:行政地名,教育学校:职业技术学校,地名地址:行政地名,房产小区:住宅区:住宅小区,地名地址:行政地名,房产小区:住宅区:住宅小区,教育学校:职业技术学校,地名地址:自然地名:河流,地名地址:行政地名,房产小区:住宅区:住宅小区,房产小区:住宅区:住宅小区,房产小区:住宅区:住宅小区,房产小区:住宅区:住宅小区,房产小区:住宅区:住宅小区,教育学校:职业技术学校"
"(14, 27)",None
"(15, 28)",None
"(26, 25)","公司企业:公司企业,公司企业:企业/工厂,地名地址:行政地名,地名地址:行政地名,公司企业:公司企业,生活服务:邮局速递:物流仓储场地,公司企业:公司企业,地名地址:行政地名,公司企业:公司企业,公司企业:公司企业,生活服务:装修,地名地址:行政地名,公司企业:公司企业,公司企业:公司企业,公司企业:公司企业,地名地址:行政地名,汽车:加油站:中石油,基础设施:道路附属:路口,生活服务:邮局速递:物流仓储场地,公司企业:公司企业"
"(23, 22)","运动健身:足球场,运动健身:足球场,美食:小吃快餐,教育学校:小学,地名地址:行政地名,地名地址:行政地名,机构团体:政府机关,地名地址:自然地名:山,教育学校:幼儿园,汽车:汽车配件销售,地名地址:道路名,公司企业:公司企业,地名地址:行政地名,地名地址:行政地名,地名地址:行政地名,公司企业:公司企业,机构团体:政府机关,酒店宾馆:农家院,机构团体:社会团体,机构团体:社会团体"
"(24, 23)","娱乐休闲:其它娱乐休闲,旅游景点:寺庙道观,地名地址:行政地名,地名地址:行政地名,地名地址:行政地名,其它,旅游景点:城市广场,地名地址:行政地名,旅游景点:其它旅游景点,旅游景点:寺庙道观,地名地址:行政地名,地名地址:行政地名,公司企业:其它公司企业"
"(23, 23)",None
"(24, 26)",None
"(24, 28)",None
"(22, 26)","公司企业:企业/工厂,购物:家具家居建材:家具家居,娱乐休闲:户外活动:垂钓园,公司企业:公司企业,旅游景点:寺庙道观,美食:农家菜,公司企业:企业/工厂,公司企业:公司企业,娱乐休闲:其它娱乐休闲,生活服务:其它生活服务"
"(23, 12)",基础设施:道路附属:路口
"(26, 28)",None
"(25, 27)",房产小区:住宅区:住宅小区
"(22, 27)",None
"(17, 28)","地名地址:行政地名,地名地址:行政地名,地名地址:行政地名,地名地址:行政地名,公司企业:公司企业,生活服务:邮局速递:物流公司,地名地址:行政地名,地名地址:行政地名,公司企业:公司企业,地名地址:自然地名:河流,机构团体:科研机构,地名地址:行政地名,公司企业:公司企业,公司企业:公司企业"
"(18, 25)",None
"(20, 28)","生活服务:宠物服务:宠物商店,汽车:汽车维修,美食:中餐厅:其它中餐厅,购物:其它购物,购物:其它购物,汽车:汽车维修,娱乐休闲:户外活动:采摘园,公司企业:公司企业,娱乐休闲:户外活动:采摘园,公司企业:公司企业,购物:便利店,地名地址:行政地名,地名地址:行政地名,基础设施:道路附属:桥,生活服务:宠物服务:宠物市场,教育学校:小学,机构团体:政府机关,地名地址:行政地名,地名地址:行政地名,公司企业:公司企业"
"(23, 26)",None
"(12, 11)","旅游景点:风景名胜,购物:古玩字画,娱乐休闲:咖啡厅,旅游景点:国家级景点,地名地址:行政地名,房产小区:住宅区:住宅小区,运动健身:综合体育场馆,教育学校:培训,基础设施:道路附属:路口,房产小区:产业园区,机构团体:政府机关,教育学校:大学,生活服务:美容美发:美发,文化场馆:展览馆,教育学校:培训,文化场馆:图书馆,生活服务:摄影冲印,教育学校:教育学校附属,教育学校:教育学校附属,教育学校:教育学校附属"
"(10, 11)","房产小区:住宅区:别墅,房产小区:产业园区,房产小区:产业园区,地名地址:行政地名,公司企业:公司企业,地名地址:行政地名,公司企业:公司企业,公司企业:公司企业,酒店宾馆:酒店宾馆,公司企业:公司企业,地名地址:行政地名,房产小区:住宅区:别墅,公司企业:公司企业,公司企业:公司企业,地名地址:道路名,机构团体:科研机构,地名地址:行政地名,地名地址:行政地名,房产小区:产业园区,汽车:驾校"
"(9, 11)","房产小区:住宅区:别墅,房产小区:产业园区,房产小区:产业园区,地名地址:行政地名,公司企业:公司企业,地名地址:行政地名,公司企业:公司企业,公司企业:公司企业,酒店宾馆:酒店宾馆,公司企业:公司企业,地名地址:行政地名,房产小区:住宅区:别墅,公司企业:公司企业,公司企业:公司企业,地名地址:道路名,机构团体:科研机构,地名地址:行政地名,地名地址:行政地名,房产小区:产业园区,汽车:驾校"
"(13, 12)","娱乐休闲:其它娱乐休闲,旅游景点:公园,基础设施:道路附属:桥,地名地址:道路名,房产小区:住宅区:住宅小区,房产小区:住宅区:别墅,房产小区:住宅区:住宅小区,公司企业:公司企业,教育学校:大学,娱乐休闲:其它娱乐休闲,地名地址:行政地名,地名地址:道路名,地名地址:行政地名,运动健身:综合体育场馆,地名地址:行政地名,房产小区:产业园区,地名地址:行政地名,教育学校:中学,酒店宾馆:酒店宾馆,酒店宾馆:酒店宾馆附属"
"(13, 11)",购物:农贸市场
"(12, 10)",酒店宾馆:星级酒店
"(13, 10)",基础设施:交通设施:飞机场
"(12, 9)",基础设施:交通设施:飞机场
"(11, 7)",None
"(11, 6)","房产小区:住宅区:住宅小区,地名地址:行政地名,房产小区:房产小区附属,公司企业:公司企业,基础设施:交通设施:公交车站,基础设施:道路附属:路口,地名地址:行政地名,房产小区:住宅区:住宅小区,基础设施:道路附属:桥,房产小区:住宅区:住宅小区,美食:烧烤,旅游景点:公园,地名地址:行政地名,地名地址:道路名,地名地址:行政地名,基础设施:交通设施:公交车站,地名地址:行政地名,地名地址:道路名,房产小区:住宅区:住宅小区,地名地址:行政地名"
"(12, 7)","美食:中餐厅:其它中餐厅,房产小区:住宅区:宿舍,医疗保健:社区医院,教育学校:幼儿园,旅游景点:公园,基础设施:交通设施:地铁站,美食:小吃快餐,美食:小吃快餐,机构团体:政府机关,生活服务:美容美发:其它美容美发,美食:面包甜点,生活服务:摄影冲印,机构团体:公检法机构,美食:日韩菜:日本料理,银行金融:其它银行金融,娱乐休闲:网吧,房产小区:住宅区:住宅小区,美食:中餐厅:川菜,房产小区:住宅区:住宅小区,教育学校:培训"
"(13, 8)",None
"(12, 8)","美食:中餐厅:其它中餐厅,房产小区:住宅区:宿舍,医疗保健:社区医院,教育学校:幼儿园,旅游景点:公园,基础设施:交通设施:地铁站,美食:小吃快餐,美食:小吃快餐,机构团体:政府机关,生活服务:美容美发:其它美容美发,美食:面包甜点,生活服务:摄影冲印,机构团体:公检法机构,美食:日韩菜:日本料理,银行金融:其它银行金融,娱乐休闲:网吧,房产小区:住宅区:住宅小区,美食:中餐厅:川菜,房产小区:住宅区:住宅小区,教育学校:培训"
"(13, 7)",旅游景点:公园
"(9, 12)","生活服务:废品收购站,公司企业:公司企业,房产小区:住宅区:住宅小区,房产小区:住宅区:住宅小区,公司企业:公司企业,地名地址:行政地名,地名地址:行政地名,购物:家具家居建材:家具家居,公司企业:其它公司企业,生活服务:邮局速递:物流仓储场地,公司企业:公司企业,公司企业:公司企业,公司企业:公司企业,房产小区:住宅区:住宅小区,生活服务:邮局速递:速递,房产小区:产业园区,地名地址:道路名,基础设施:交通设施:公交车站,地名地址:行政地名,地名地址:行政地名"
"(11, 11)","银行金融:银行,房产小区:住宅区:住宅小区,房产小区:住宅区:住宅小区,购物:综合商场,基础设施:交通设施:地铁站,娱乐休闲:茶馆,教育学校:大学,地名地址:行政地名,酒店宾馆:酒店宾馆,医疗保健:综合医院,娱乐休闲:网吧,生活服务:美容美发:美容SPA,房产小区:住宅区:住宅小区,娱乐休闲:KTV,房产小区:住宅区:住宅小区,娱乐休闲:KTV,酒店宾馆:酒店宾馆,房产小区:住宅区:住宅小区,房产小区:住宅区:住宅小区,酒店宾馆:酒店宾馆"
"(1, 10)","教育学校:培训,地名地址:行政地名,基础设施:交通设施:公交车站,教育学校:其它教育学校,美食:小吃快餐,基础设施:道路附属:路口,基础设施:交通设施:公交车站,基础设施:道路附属:路口,生活服务:丧葬,医疗保健:药房药店,公司企业:公司企业,地名地址:行政地名,娱乐休闲:户外活动:拓展培训,娱乐休闲:户外活动:其它户外活动,地名地址:行政地名,教育学校:培训:幼儿教育,地名地址:道路名,地名地址:道路名,购物:超市,基础设施:道路附属:路口"
"(2, 10)",旅游景点:公园
"(0, 12)",生活服务:邮局速递:速递
"(0, 11)","地名地址:行政地名,地名地址:行政地名,地名地址:行政地名,地名地址:行政地名,购物:家具家居建材:五金用品,地名地址:其它地名地址"
"(1, 11)","地名地址:行政地名,地名地址:行政地名,地名地址:行政地名,地名地址:行政地名,购物:家具家居建材:五金用品,地名地址:其它地名地址"
"(2, 11)",旅游景点:公园
"(3, 11)","汽车:汽车维修,美食:中餐厅:其它中餐厅,机构团体:政府机关,地名地址:行政地名,汽车:汽车维修,购物:农贸市场,汽车:汽车维修,汽车:汽车维修,汽车:汽车维修,美食:中餐厅:酒楼,教育学校:小学,教育学校:中学,生活服务:邮局速递:邮局,美食:小吃快餐,地名地址:行政地名,汽车:汽车养护,基础设施:交通设施:港口码头,美食:中餐厅:其它中餐厅,机构团体:政府机关,机构团体:社会团体"
"(4, 11)",医疗保健:综合医院
"(4, 12)",医疗保健:综合医院
"(4, 2)",None
"(4, 1)",None
"(3, 1)","房产小区:房产小区附属,房产小区:住宅区:住宅小区,房产小区:住宅区:住宅小区,基础设施:道路附属:桥,房产小区:住宅区:住宅小区,房产小区:住宅区:住宅小区,房产小区:住宅区:住宅小区,地名地址:热点区域:商圈类,地名地址:行政地名,地名地址:行政地名,地名地址:行政地名,地名地址:行政地名,基础设施:道路附属:路口,房产小区:住宅区:住宅小区,地名地址:行政地名,地名地址:行政地名,地名地址:行政地名,地名地址:道路名,房产小区:住宅区:住宅小区,公司企业:公司企业"
"(3, 2)","基础设施:公共设施:公共厕所,美食:中餐厅:其它中餐厅,购物:烟酒专卖,美食:冷饮店,公司企业:公司企业,地名地址:道路名,美食:中餐厅:其它中餐厅,旅游景点:公园,地名地址:行政地名,地名地址:行政地名,购物:超市,基础设施:道路附属:路口,教育学校:中学,地名地址:自然地名:河流,购物:便利店,地名地址:道路名,教育学校:中学,公司企业:公司企业,机构团体:政府机关,公司企业:公司企业"
"(2, 2)","基础设施:公共设施:公共厕所,美食:中餐厅:其它中餐厅,购物:烟酒专卖,美食:冷饮店,公司企业:公司企业,地名地址:道路名,美食:中餐厅:其它中餐厅,旅游景点:公园,地名地址:行政地名,地名地址:行政地名,购物:超市,地名地址:行政地名,教育学校:中学,基础设施:道路附属:路口,教育学校:中学,地名地址:自然地名:河流,购物:便利店,地名地址:道路名,教育学校:中学,公司企业:公司企业"
"(1, 3)",房产小区:住宅区:住宅小区
"(0, 4)",房产小区:住宅区:住宅小区
"(1, 4)",房产小区:住宅区:住宅小区
"(2, 1)","房产小区:房产小区附属,房产小区:住宅区:住宅小区,房产小区:住宅区:住宅小区,基础设施:道路附属:桥,房产小区:住宅区:住宅小区,房产小区:住宅区:住宅小区,房产小区:住宅区:住宅小区,地名地址:热点区域:商圈类,地名地址:行政地名,地名地址:行政地名,地名地址:行政地名,地名地址:行政地名,基础设施:道路附属:路口,房产小区:住宅区:住宅小区,地名地址:行政地名,地名地址:行政地名,地名地址:行政地名,地名地址:道路名,房产小区:住宅区:住宅小区,公司企业:公司企业"
"(2, 0)","美食:中餐厅:川菜,旅游景点:景点公园附属,旅游景点:风景名胜,美食:其它美食,机构团体:公检法机构,美食:中餐厅:川菜,旅游景点:风景名胜,购物:珠宝饰品:珠宝,地名地址:行政地名,房产小区:住宅区:住宅小区,地名地址:行政地名,娱乐休闲:其它娱乐休闲,生活服务:票务代售:景点售票,美食:其它美食,地名地址:行政地名,教育学校:其它教育学校,酒店宾馆:其它酒店宾馆,地名地址:行政地名,旅游景点:其它旅游景点,机构团体:政府机关"
"(10, 6)","房产小区:住宅区:住宅小区,地名地址:行政地名,房产小区:房产小区附属,公司企业:公司企业,基础设施:交通设施:公交车站,基础设施:道路附属:路口,地名地址:行政地名,房产小区:住宅区:住宅小区,基础设施:道路附属:桥,房产小区:住宅区:住宅小区,美食:烧烤,旅游景点:公园,地名地址:行政地名,地名地址:道路名,地名地址:行政地名,基础设施:交通设施:公交车站,地名地址:行政地名,地名地址:道路名,房产小区:住宅区:住宅小区,地名地址:行政地名"
"(2, 6)","美食:中餐厅:其它中餐厅,基础设施:道路附属:服务区,基础设施:道路附属:收费站,地名地址:行政地名,购物:自行车专卖,美食:小吃快餐,汽车:汽车维修,生活服务:邮局速递:速递,美食:小吃快餐,娱乐休闲:户外活动:采摘园,汽车:汽车维修,医疗保健:药房药店,购物:家具家居建材:建材,教育学校:中学,购物:数码家电,购物:自行车专卖,酒店宾馆:酒店宾馆,生活服务:其它生活服务,酒店宾馆:酒店宾馆,汽车:汽车维修"
"(2, 5)","房产小区:住宅区:社区中心,基础设施:交通设施:公交车站,地名地址:行政地名,公司企业:公司企业,房产小区:房产小区附属,房产小区:房产小区附属,房产小区:房产小区附属,房产小区:房产小区附属,房产小区:房产小区附属,房产小区:房产小区附属,房产小区:房产小区附属,房产小区:房产小区附属,房产小区:房产小区附属,房产小区:房产小区附属,房产小区:房产小区附属,房产小区:房产小区附属,房产小区:房产小区附属,房产小区:房产小区附属,医疗保健:药房药店,房产小区:房产小区附属"
"(3, 6)","美食:中餐厅:其它中餐厅,基础设施:道路附属:服务区,基础设施:道路附属:收费站,地名地址:行政地名,购物:自行车专卖,美食:小吃快餐,汽车:汽车维修,生活服务:邮局速递:速递,美食:小吃快餐,娱乐休闲:户外活动:采摘园,汽车:汽车维修,医疗保健:药房药店,购物:家具家居建材:建材,教育学校:中学,购物:数码家电,购物:自行车专卖,酒店宾馆:酒店宾馆,生活服务:其它生活服务,酒店宾馆:酒店宾馆,汽车:汽车维修"
"(11, 10)",None
"(11, 8)",None
"(12, 12)",None
"(10, 7)",None
"(13, 9)",None
"(14, 7)",None
"(5, 1)","基础设施:交通设施:公交车站,房产小区:住宅区:住宅小区,地名地址:行政地名,房产小区:住宅区:住宅小区,公司企业:公司企业,公司企业:公司企业,公司企业:公司企业,公司企业:公司企业,公司企业:公司企业,公司企业:公司企业,公司企业:公司企业,公司企业:公司企业,房产小区:住宅区:住宅小区,地名地址:行政地名,房产小区:房产小区附属,房产小区:房产小区附属,房产小区:房产小区附属,房产小区:房产小区附属,美食:火锅,房产小区:房产小区附属"
"(5, 2)",None
"(5, 0)","公司企业:公司企业,地名地址:行政地名,汽车:加油站:充电站,公司企业:公司企业,公司企业:公司企业,公司企业:公司企业,公司企业:公司企业,机构团体:政府机关,公司企业:公司企业,公司企业:公司企业,地名地址:行政地名,银行金融:其它银行金融,房产小区:产业园区,美食:农家菜,地名地址:行政地名,公司企业:公司企业,公司企业:公司企业,公司企业:公司企业,公司企业:公司企业,公司企业:公司企业"
"(4, 0)","公司企业:公司企业,地名地址:行政地名,汽车:加油站:充电站,公司企业:公司企业,公司企业:公司企业,公司企业:公司企业,公司企业:公司企业,机构团体:政府机关,公司企业:公司企业,公司企业:公司企业,地名地址:行政地名,银行金融:其它银行金融,房产小区:产业园区,美食:农家菜,地名地址:行政地名,公司企业:公司企业,公司企业:公司企业,公司企业:公司企业,公司企业:公司企业,公司企业:公司企业"
"(6, 2)",None
"(3, 4)","地名地址:行政地名,地名地址:行政地名,机构团体:政府机关,公司企业:企业/工厂,地名地址:行政地名,基础设施:交通设施:公交车站,地名地址:行政地名,娱乐休闲:户外活动:采摘园,地名地址:行政地名,室内及附属设施:通行设施类:门/出入口,基础设施:道路附属:路口,生活服务:其它生活服务,娱乐休闲:其它娱乐休闲,公司企业:公司企业,机构团体:政府机关,机构团体:政府机关"
"(3, 3)","购物:家具家居建材:建材,教育学校:其它教育学校,地名地址:行政地名,房产小区:住宅区:住宅小区,基础设施:交通设施:飞机场,基础设施:交通设施:公交车站,汽车:驾校,地名地址:行政地名,机构团体:政府机关,公司企业:公司企业,基础设施:道路附属:路口,机构团体:政府机关,基础设施:道路附属:路口,公司企业:公司企业,机构团体:社会团体,机构团体:政府机关,基础设施:交通设施:公交车站"
"(13, 6)",购物:超市
"(13, 5)",购物:超市
"(13, 4)","美食:火锅,美食:中餐厅:其它中餐厅,美食:其它美食,文化场馆:会展中心,美食:中餐厅:其它中餐厅,美食:其它美食,地名地址:行政地名,汽车:汽车维修,房产小区:住宅区:住宅小区,生活服务:装修,汽车:汽车养护,娱乐休闲:其它娱乐休闲,美食:中餐厅:其它中餐厅,汽车:汽车维修,教育学校:幼儿园,美食:烧烤,美食:中餐厅:其它中餐厅,汽车:汽车维修,汽车:汽车维修,美食:火锅"
"(8, 7)","娱乐休闲:户外活动:采摘园,美食:火锅,地名地址:行政地名,娱乐休闲:户外活动:采摘园,房产小区:住宅区:住宅小区,地名地址:行政地名,房产小区:住宅区:住宅小区,地名地址:道路名,基础设施:道路附属:路口,汽车:停车场,娱乐休闲:其它娱乐休闲"
"(3, 5)",医疗保健:专科医院:骨科
"(4, 3)","教育学校:大学,基础设施:交通设施:飞机场,地名地址:行政地名,地名地址:道路名,基础设施:道路附属:道路出入口,基础设施:道路附属:路口,地名地址:门牌信息,地名地址:行政地名"
"(4, 5)","教育学校:其它教育学校,地名地址:行政地名,地名地址:行政地名,地名地址:行政地名,基础设施:道路附属:路口"
"(8, 9)","汽车:停车场,基础设施:交通设施:飞机场,娱乐休闲:其它娱乐休闲,旅游景点:景点公园附属,地名地址:行政地名,娱乐休闲:其它娱乐休闲,旅游景点:其它旅游景点,旅游景点:景点公园附属,娱乐休闲:其它娱乐休闲,娱乐休闲:户外活动:采摘园,娱乐休闲:户外活动:露营地,地名地址:行政地名,地名地址:行政地名,生活服务:票务代售:其它票务代售,美食:小吃快餐,旅游景点:风景名胜,汽车:停车场"
"(9, 9)","美食:中餐厅:其它中餐厅,基础设施:交通设施:飞机场,汽车:驾校,美食:中餐厅:其它中餐厅,购物:旧货市场,生活服务:邮局速递:速递,地名地址:行政地名,生活服务:邮局速递:速递,汽车:汽车养护,教育学校:幼儿园,公司企业:公司企业,房产小区:住宅区:宿舍,房产小区:产业园区,娱乐休闲:其它娱乐休闲,地名地址:行政地名,公司企业:公司企业,地名地址:行政地名,地名地址:行政地名,生活服务:邮局速递:速递,房产小区:产业园区"
"(10, 10)","基础设施:交通设施:飞机场,美食:中餐厅:其它中餐厅,生活服务:其它生活服务,地名地址:行政地名,公司企业:企业/工厂,娱乐休闲:其它娱乐休闲,房产小区:产业园区,娱乐休闲:户外活动:游乐场,美食:农家菜,汽车:汽车销售,娱乐休闲:户外活动:垂钓园,汽车:汽车维修,地名地址:行政地名,娱乐休闲:其它娱乐休闲,地名地址:行政地名,地名地址:行政地名,基础设施:交通设施:公交车站,基础设施:道路附属:路口,地名地址:行政地名,公司企业:公司企业"
"(9, 10)","基础设施:交通设施:飞机场,美食:中餐厅:其它中餐厅,生活服务:其它生活服务,地名地址:行政地名,公司企业:企业/工厂,娱乐休闲:其它娱乐休闲,房产小区:产业园区,娱乐休闲:户外活动:游乐场,美食:农家菜,汽车:汽车销售,娱乐休闲:户外活动:垂钓园,汽车:汽车维修,地名地址:行政地名,娱乐休闲:其它娱乐休闲,地名地址:行政地名,地名地址:行政地名,基础设施:交通设施:公交车站,基础设施:道路附属:路口,地名地址:行政地名,公司企业:公司企业"
"(7, 9)","房产小区:住宅区:住宅小区,娱乐休闲:户外活动:露营地,娱乐休闲:户外活动:其它户外活动,旅游景点:风景名胜,酒店宾馆:酒店宾馆,房产小区:住宅区:住宅小区,美食:农家菜,房产小区:住宅区:住宅小区,地名地址:行政地名,地名地址:行政地名,地名地址:行政地名,地名地址:行政地名"
"(8, 10)","生活服务:邮局速递:速递,公司企业:公司企业,公司企业:公司企业,购物:家具家居建材:建材,房产小区:产业园区,旅游景点:公园,公司企业:公司企业,公司企业:公司企业,公司企业:公司企业,房产小区:产业园区,公司企业:企业/工厂,地名地址:行政地名,公司企业:公司企业,公司企业:公司企业,公司企业:公司企业,地名地址:道路名,公司企业:公司企业,公司企业:公司企业,公司企业:公司企业,基础设施:交通设施:公交车站"
"(10, 9)","基础设施:交通设施:飞机场,美食:中餐厅:其它中餐厅,生活服务:其它生活服务,地名地址:行政地名,公司企业:企业/工厂,娱乐休闲:其它娱乐休闲,房产小区:产业园区,娱乐休闲:户外活动:游乐场,美食:农家菜,汽车:汽车销售,娱乐休闲:户外活动:垂钓园,汽车:汽车维修,地名地址:行政地名,娱乐休闲:其它娱乐休闲,地名地址:行政地名,地名地址:行政地名,基础设施:交通设施:公交车站,基础设施:道路附属:路口,地名地址:行政地名,公司企业:公司企业"
"(8, 8)","汽车:停车场,基础设施:交通设施:飞机场,娱乐休闲:其它娱乐休闲,旅游景点:景点公园附属,地名地址:行政地名,娱乐休闲:其它娱乐休闲,旅游景点:其它旅游景点,旅游景点:景点公园附属,娱乐休闲:其它娱乐休闲,娱乐休闲:户外活动:采摘园,娱乐休闲:户外活动:露营地,地名地址:行政地名,地名地址:行政地名,生活服务:票务代售:其它票务代售,美食:小吃快餐,旅游景点:风景名胜,汽车:停车场"
"(9, 8)","美食:农家菜,地名地址:行政地名,生活服务:邮局速递:速递,美食:其它美食,生活服务:邮局速递:速递,地名地址:行政地名,美食:火锅,地名地址:行政地名,房产小区:产业园区,基础设施:道路附属:路口,地名地址:道路名,娱乐休闲:茶馆"
"(8, 12)",None
"(7, 10)",None
"(11, 12)",None
"(3, 7)",None
"(4, 7)","地名地址:行政地名,地名地址:行政地名,基础设施:交通设施:公交车站,地名地址:行政地名,购物:其它购物"
"(0, 8)","房产小区:住宅区:住宅小区,房产小区:住宅区:别墅,生活服务:通讯服务:中国电信营业厅,地名地址:行政地名,地名地址:行政地名,公司企业:公司企业,生活服务:通讯服务:中国移动营业厅,酒店宾馆:其它酒店宾馆,地名地址:行政地名,地名地址:行政地名,地名地址:行政地名"
"(1, 8)",None
"(1, 7)",None
"(0, 7)","公司企业:公司企业,公司企业:公司企业,公司企业:公司企业,地名地址:行政地名,公司企业:公司企业,公司企业:公司企业,公司企业:公司企业,地名地址:行政地名,公司企业:公司企业,基础设施:交通设施:公交车站,地名地址:道路名,地名地址:行政地名,地名地址:行政地名,房产小区:产业园区,地名地址:道路名,机构团体:科研机构,公司企业:公司企业,机构团体:政府机关"
"(1, 9)","娱乐休闲:户外活动:采摘园,地名地址:行政地名,地名地址:行政地名,娱乐休闲:户外活动:采摘园,地名地址:行政地名,医疗保健:专科医院:传染病医院"
"(1, 6)","公司企业:公司企业,房产小区:产业园区,地名地址:行政地名,房产小区:产业园区,公司企业:公司企业,地名地址:行政地名,公司企业:公司企业,地名地址:自然地名:河流,地名地址:行政地名,地名地址:道路名,公司企业:企业/工厂,房产小区:产业园区,酒店宾馆:酒店宾馆,公司企业:公司企业"
"(1, 5)",None
"(9, 7)",None
"(9, 6)","运动健身:高尔夫场,地名地址:行政地名,房产小区:住宅区:住宅小区,房产小区:住宅区:别墅,房产小区:房产小区附属,地名地址:行政地名,房产小区:住宅区:住宅小区,公司企业:公司企业,房产小区:房产小区附属,地名地址:行政地名,房产小区:房产小区附属,房产小区:房产小区附属,房产小区:房产小区附属,房产小区:房产小区附属,房产小区:房产小区附属,房产小区:房产小区附属,房产小区:房产小区附属,房产小区:房产小区附属,房产小区:房产小区附属,房产小区:房产小区附属"
"(6, 11)","购物:家具家居建材:建材,房产小区:住宅区:住宅小区,地名地址:行政地名,房产小区:产业园区,房产小区:产业园区,房产小区:产业园区,基础设施:交通设施:公交车站,公司企业:公司企业,房产小区:产业园区,房产小区:产业园区,地名地址:行政地名,公司企业:公司企业,公司企业:公司企业,购物:超市,基础设施:道路附属:路口,娱乐休闲:其它娱乐休闲,地名地址:行政地名,地名地址:行政地名,酒店宾馆:农家院,公司企业:公司企业"
"(10, 8)","基础设施:交通设施:飞机场,地名地址:行政地名,地名地址:行政地名,美食:中餐厅:川菜,地名地址:行政地名,地名地址:行政地名,娱乐休闲:户外活动:垂钓园,地名地址:行政地名,汽车:驾校,地名地址:行政地名,地名地址:行政地名"
"(14, 11)",None
"(2, 7)",None
"(2, 8)",None
"(3, 8)","地名地址:自然地名:河流,地名地址:行政地名,地名地址:行政地名,地名地址:行政地名,公司企业:农林牧渔基地"
"(2, 9)","地名地址:自然地名:河流,地名地址:行政地名,地名地址:行政地名,地名地址:行政地名,公司企业:农林牧渔基地"
"(9, 5)",None
"(11, 0)",None
"(11, 1)",None
"(5, 4)",None
"(5, 3)",None
"(8, 13)",None
"(3, 0)","文化场馆:博物馆,地名地址:行政地名,医疗保健:综合医院,房产小区:住宅区:住宅小区,房产小区:住宅区:住宅小区,房产小区:住宅区:住宅小区,地名地址:行政地名,地名地址:行政地名,地名地址:行政地名,地名地址:行政地名,基础设施:交通设施:公交车站,基础设施:交通设施:公交车站,医疗保健:综合医院,生活服务:邮局速递:物流公司,娱乐休闲:其它娱乐休闲,旅游景点:公园,生活服务:家政:月嫂保姆,医疗保健:卫生院,房产小区:产业园区,公司企业:农林牧渔基地"
"(12, 6)","娱乐休闲:其它娱乐休闲,娱乐休闲:其它娱乐休闲,美食:中餐厅:其它中餐厅,地名地址:行政地名,机构团体:科研机构,地名地址:行政地名,机构团体:公检法机构,旅游景点:公园,汽车:汽车维修,房产小区:商务楼宇,旅游景点:公园,购物:其它购物,汽车:汽车养护,房产小区:产业园区,基础设施:交通设施:公交车站,基础设施:交通设施:公交车站,教育学校:幼儿园,旅游景点:其它旅游景点,地名地址:行政地名,机构团体:公检法机构"
"(12, 5)",购物:超市
"(6, 8)","地名地址:行政地名,地名地址:行政地名,生活服务:丧葬,地名地址:行政地名,地名地址:行政地名,生活服务:废品收购站,地名地址:行政地名"
"(14, 2)","地名地址:行政地名,运动健身:其它运动健身,地名地址:行政地名,地名地址:行政地名,地名地址:行政地名,机构团体:政府机关,地名地址:行政地名,娱乐休闲:其它娱乐休闲,购物:花鸟鱼虫,地名地址:道路名,公司企业:农林牧渔基地,基础设施:道路附属:路口"
"(11, 5)","房产小区:住宅区:住宅小区,房产小区:住宅区:住宅小区,汽车:加油站:中石油,教育学校:职业技术学校,地名地址:行政地名,房产小区:住宅区:住宅小区,房产小区:住宅区:住宅小区,公司企业:公司企业,教育学校:职业技术学校,娱乐休闲:茶馆,生活服务:邮局速递:物流公司,地名地址:行政地名,教育学校:教育学校附属,地名地址:行政地名,地名地址:行政地名,房产小区:住宅区:住宅小区,机构团体:社会团体,地名地址:行政地名,地名地址:行政地名,地名地址:行政地名"
"(10, 12)",None
"(10, 5)",教育学校:小学
"(12, 3)","娱乐休闲:其它娱乐休闲,美食:烧烤,房产小区:住宅区:住宅小区,购物:其它购物,房产小区:住宅区:住宅小区,地名地址:行政地名,地名地址:行政地名,娱乐休闲:户外活动:拓展培训,地名地址:行政地名,地名地址:行政地名,地名地址:行政地名,房产小区:住宅区:住宅小区,地名地址:道路名,基础设施:道路附属:路口,生活服务:装修,购物:超市,美食:农家菜,机构团体:政府机关,酒店宾馆:农家院,酒店宾馆:其它酒店宾馆"
"(12, 4)","娱乐休闲:其它娱乐休闲,美食:烧烤,房产小区:住宅区:住宅小区,购物:其它购物,房产小区:住宅区:住宅小区,地名地址:行政地名,地名地址:行政地名,娱乐休闲:户外活动:拓展培训,地名地址:行政地名,地名地址:行政地名,地名地址:行政地名,房产小区:住宅区:住宅小区,地名地址:道路名,基础设施:道路附属:路口,生活服务:装修,购物:超市,美食:农家菜,机构团体:政府机关,酒店宾馆:农家院,酒店宾馆:其它酒店宾馆"
"(13, 3)","地名地址:道路名,机构团体:政府机关,地名地址:行政地名,地名地址:行政地名,公司企业:公司企业,购物:家具家居建材:家具家居,公司企业:公司企业,基础设施:交通设施:公交车站,购物:超市,购物:家具家居建材:建材,基础设施:交通设施:公交车站,公司企业:公司企业,机构团体:政府机关,地名地址:行政地名,公司企业:企业/工厂,基础设施:道路附属:路口,公司企业:公司企业,公司企业:公司企业,公司企业:公司企业,机构团体:政府机关"
"(12, 2)","地名地址:道路名,机构团体:政府机关,地名地址:行政地名,地名地址:行政地名,公司企业:公司企业,购物:家具家居建材:家具家居,公司企业:公司企业,基础设施:交通设施:公交车站,购物:超市,购物:家具家居建材:建材,基础设施:交通设施:公交车站,公司企业:公司企业,机构团体:政府机关,地名地址:行政地名,公司企业:企业/工厂,基础设施:道路附属:路口,公司企业:公司企业,公司企业:公司企业,公司企业:公司企业,机构团体:政府机关"
"(6, 10)",None
"(9, 3)","娱乐休闲:其它娱乐休闲,地名地址:行政地名,公司企业:农林牧渔基地,地名地址:行政地名,公司企业:农林牧渔基地,公司企业:公司企业,地名地址:行政地名,地名地址:行政地名,地名地址:行政地名,地名地址:行政地名,公司企业:农林牧渔基地,地名地址:行政地名,地名地址:行政地名,地名地址:行政地名,房产小区:住宅区:住宅小区"
"(9, 4)","娱乐休闲:其它娱乐休闲,地名地址:行政地名,公司企业:农林牧渔基地,地名地址:行政地名,公司企业:农林牧渔基地,公司企业:公司企业,地名地址:行政地名,地名地址:行政地名,地名地址:行政地名,地名地址:行政地名,公司企业:农林牧渔基地,地名地址:行政地名,地名地址:行政地名,地名地址:行政地名,房产小区:住宅区:住宅小区"
"(10, 4)","地名地址:行政地名,基础设施:交通设施:公交车站,房产小区:住宅区:住宅小区,机构团体:政府机关,地名地址:行政地名,地名地址:行政地名,地名地址:行政地名,地名地址:行政地名,地名地址:道路名,地名地址:行政地名,基础设施:交通设施:公交线路,医疗保健:卫生院,机构团体:政府机关,地名地址:行政地名,地名地址:其它地名地址,机构团体:社会团体,机构团体:政府机关,机构团体:社会团体,机构团体:社会团体,机构团体:政府机关"
"(10, 3)","地名地址:行政地名,基础设施:交通设施:公交车站,房产小区:住宅区:住宅小区,机构团体:政府机关,地名地址:行政地名,地名地址:行政地名,地名地址:行政地名,地名地址:行政地名,地名地址:道路名,地名地址:行政地名,基础设施:交通设施:公交线路,医疗保健:卫生院,机构团体:政府机关,地名地址:行政地名,地名地址:其它地名地址,机构团体:社会团体,机构团体:政府机关,机构团体:社会团体,机构团体:社会团体,机构团体:政府机关"
"(11, 9)",基础设施:交通设施:飞机场
"(11, 3)","娱乐休闲:户外活动:采摘园,地名地址:行政地名,房产小区:住宅区:住宅小区,地名地址:行政地名,医疗保健:诊所,医疗保健:其它医疗保健,地名地址:行政地名,地名地址:行政地名,地名地址:行政地名,旅游景点:其它旅游景点,基础设施:交通设施:公交车站,基础设施:交通设施:公交车站,基础设施:交通设施:公交车站,地名地址:道路名,基础设施:道路附属:路口,基础设施:道路附属:路口,地名地址:道路名,机构团体:政府机关,公司企业:公司企业,机构团体:社会团体"
"(11, 2)","娱乐休闲:户外活动:采摘园,地名地址:行政地名,房产小区:住宅区:住宅小区,地名地址:行政地名,医疗保健:诊所,医疗保健:其它医疗保健,地名地址:行政地名,地名地址:行政地名,地名地址:行政地名,旅游景点:其它旅游景点,基础设施:交通设施:公交车站,基础设施:交通设施:公交车站,基础设施:交通设施:公交车站,地名地址:道路名,基础设施:道路附属:路口,基础设施:道路附属:路口,地名地址:道路名,机构团体:政府机关,公司企业:公司企业,机构团体:社会团体"
"(11, 4)",None
"(14, 3)",公司企业:企业/工厂
"(4, 10)",None
"(4, 9)",None
"(6, 9)","娱乐休闲:户外活动:垂钓园,室内及附属设施:通行设施类:门/出入口,房产小区:产业园区,基础设施:道路附属:路口,房产小区:产业园区,公司企业:公司企业,公司企业:公司企业,购物:数码家电,地名地址:行政地名,公司企业:公司企业,地名地址:行政地名,地名地址:行政地名,公司企业:公司企业,地名地址:行政地名,公司企业:公司企业,公司企业:公司企业,地名地址:行政地名,基础设施:交通设施:公交车站,公司企业:企业/工厂,地名地址:行政地名"
"(5, 9)",None
"(5, 11)","购物:家具家居建材:建材,房产小区:住宅区:住宅小区,地名地址:行政地名,房产小区:产业园区,房产小区:产业园区,房产小区:产业园区,基础设施:交通设施:公交车站,公司企业:公司企业,房产小区:产业园区,房产小区:产业园区,地名地址:行政地名,公司企业:公司企业,公司企业:公司企业,购物:超市,基础设施:道路附属:路口,娱乐休闲:其它娱乐休闲,地名地址:行政地名,地名地址:行政地名,酒店宾馆:农家院,公司企业:公司企业"
"(0, 6)","公司企业:公司企业,公司企业:公司企业,公司企业:公司企业,地名地址:行政地名,公司企业:公司企业,公司企业:公司企业,公司企业:公司企业,地名地址:行政地名,公司企业:公司企业,基础设施:交通设施:公交车站,地名地址:道路名,地名地址:行政地名,地名地址:行政地名,房产小区:产业园区,地名地址:道路名,机构团体:科研机构,公司企业:公司企业,机构团体:政府机关"
"(0, 5)",公司企业:公司企业
"(6, 4)",公司企业:公司企业
"(6, 5)",房产小区:住宅区:住宅小区
"(0, 3)",公司企业:公司企业
"(0, 9)",None
"(4, 8)",None
"(6, 7)",None
"(5, 8)",None
"(5, 7)",None
"(7, 8)",None
"(7, 7)",None
"(4, 6)","教育学校:其它教育学校,地名地址:行政地名,地名地址:行政地名,地名地址:行政地名,基础设施:道路附属:路口"
"(5, 5)","机构团体:政府机关,基础设施:道路附属:服务区,基础设施:交通设施:公交车站,美食:中餐厅:其它中餐厅,医疗保健:卫生院,地名地址:行政地名,地名地址:行政地名,银行金融:银行,地名地址:行政地名,汽车:加油站:其它加油站,地名地址:行政地名,购物:数码家电,地名地址:行政地名,基础设施:道路附属:路口,公司企业:公司企业,娱乐休闲:户外活动:露营地,地名地址:其它地名地址,生活服务:通讯服务:中国电信营业厅,公司企业:农林牧渔基地,机构团体:政府机关"
"(7, 3)",None
"(12, 1)",None
"(12, 0)",None
"(9, 2)",None
"(8, 2)",None
"(7, 0)","地名地址:行政地名,地名地址:行政地名,地名地址:行政地名,地名地址:行政地名,地名地址:行政地名,其它,地名地址:行政地名,基础设施:道路附属:路口,地名地址:道路名,地名地址:道路名,基础设施:道路附属:路口,汽车:加油站:充电站"
"(8, 0)","地名地址:行政地名,地名地址:行政地名,地名地址:行政地名,地名地址:行政地名,地名地址:行政地名,其它,地名地址:行政地名,基础设施:道路附属:路口,地名地址:道路名,地名地址:道路名,基础设施:道路附属:路口,汽车:加油站:充电站"
"(8, 1)",旅游景点:公园
"(9, 1)","地名地址:行政地名,公司企业:公司企业,地名地址:行政地名,地名地址:行政地名,地名地址:其它地名地址,地名地址:行政地名,地名地址:行政地名,美食:中餐厅:其它中餐厅,公司企业:企业/工厂,公司企业:公司企业,地名地址:行政地名"
"(10, 0)","地名地址:行政地名,公司企业:公司企业,美食:特色中餐,地名地址:行政地名,地名地址:行政地名,购物:家具家居建材:建材,汽车:汽车维修,公司企业:公司企业,公司企业:公司企业,地名地址:行政地名,地名地址:行政地名,生活服务:装修,生活服务:废品收购站,购物:家具家居建材:家具家居,购物:家具家居建材:家具家居,银行金融:其它银行金融,公司企业:公司企业,公司企业:公司企业,生活服务:其它生活服务,公司企业:公司企业"
"(14, 12)",None
"(7, 5)",None
"(5, 10)",None
"(7, 6)","娱乐休闲:户外活动:采摘园,美食:火锅,地名地址:行政地名,娱乐休闲:户外活动:采摘园,房产小区:住宅区:住宅小区,地名地址:行政地名,房产小区:住宅区:住宅小区,地名地址:道路名,基础设施:道路附属:路口,汽车:停车场,娱乐休闲:其它娱乐休闲"
"(8, 5)",None
"(14, 6)",公司企业:公司企业
"(14, 8)","购物:综合商场:购物中心,购物:家具家居建材,房产小区:商务楼宇,房产小区:商务楼宇,汽车:汽车销售,汽车:汽车配件销售,房产小区:商务楼宇,房产小区:住宅区:住宅小区,娱乐休闲:咖啡厅,地名地址:行政地名,房产小区:住宅区:住宅小区,汽车:二手车交易市场,酒店宾馆:酒店宾馆,酒店宾馆:星级酒店,房产小区:住宅区:住宅小区,汽车:加油站:加油加气站,酒店宾馆:酒店宾馆,购物:超市,房产小区:房产小区附属,机构团体:政府机关"
"(2, 4)","房产小区:住宅区:社区中心,基础设施:交通设施:公交车站,地名地址:行政地名,公司企业:公司企业,房产小区:房产小区附属,房产小区:房产小区附属,房产小区:房产小区附属,房产小区:房产小区附属,房产小区:房产小区附属,房产小区:房产小区附属,房产小区:房产小区附属,房产小区:房产小区附属,房产小区:房产小区附属,房产小区:房产小区附属,房产小区:房产小区附属,房产小区:房产小区附属,房产小区:房产小区附属,房产小区:房产小区附属,医疗保健:药房药店,房产小区:房产小区附属"
"(2, 3)","房产小区:住宅区:住宅小区,旅游景点:风景名胜,房产小区:住宅区:住宅小区,购物:家具家居建材,美食:火锅,美食:中餐厅:其它中餐厅,地名地址:行政地名,地名地址:行政地名,房产小区:住宅区:住宅小区,购物:家具家居建材:建材,美食:火锅,旅游景点:公园,房产小区:住宅区:住宅小区,地名地址:行政地名,购物:超市,房产小区:住宅区:住宅小区,医疗保健:药房药店,房产小区:住宅区:住宅小区,医疗保健:药房药店,地名地址:行政地名"
"(1, 2)","旅游景点:风景名胜,旅游景点:风景名胜,文化场馆:展览馆,旅游景点:寺庙道观,地名地址:行政地名,房产小区:住宅区:住宅小区,房产小区:住宅区:住宅小区,美食:小吃快餐,基础设施:公共设施:公共厕所,地名地址:行政地名,地名地址:行政地名,娱乐休闲:其它娱乐休闲,旅游景点:其它旅游景点,基础设施:公共设施:公共厕所,旅游景点:其它旅游景点,地名地址:自然地名:山,旅游景点:其它旅游景点,旅游景点:其它旅游景点"
"(7, 2)",None
"(14, 1)",None
"(13, 1)","购物:农贸市场,娱乐休闲:户外活动:垂钓园,地名地址:行政地名,地名地址:行政地名,基础设施:交通设施:公交车站,地名地址:行政地名,购物:便利店,购物:便利店,地名地址:行政地名,公司企业:公司企业,娱乐休闲:其它娱乐休闲,公司企业:公司企业,生活服务:美容美发:美发,公司企业:农林牧渔基地,公司企业:公司企业,地名地址:道路名,购物:家具家居建材:卫浴用品,购物:烟酒专卖,公司企业:公司企业,公司企业:公司企业"
"(13, 0)","美食:火锅,地名地址:行政地名,购物:家具家居建材:建材,购物:其它购物,购物:其它购物,地名地址:行政地名,公司企业:公司企业,地名地址:行政地名,购物:服饰鞋包:鞋店,汽车:汽车养护,机构团体:政府机关,美食:小吃快餐,购物:数码家电,生活服务:美容美发:美发,购物:超市,汽车:汽车维修,教育学校:小学,教育学校:中学,汽车:汽车配件销售,购物:超市"
"(8, 3)","机构团体:政府机关,地名地址:行政地名,地名地址:行政地名,娱乐休闲:其它娱乐休闲,购物:花鸟鱼虫,地名地址:行政地名,教育学校:小学,地名地址:行政地名,基础设施:道路附属:路口,美食:中餐厅:川菜,教育学校:小学,地名地址:行政地名,购物:便利店,购物:农贸市场,基础设施:交通设施:公交线路,娱乐休闲:其它娱乐休闲,生活服务:其它生活服务,机构团体:政府机关,机构团体:政府机关,机构团体:社会团体"
"(13, 2)",None
"(15, 5)",None
"(14, 5)",None
"(14, 4)",None
"(15, 4)",None
"(10, 2)","娱乐休闲:户外活动:采摘园,地名地址:行政地名,房产小区:住宅区:住宅小区,地名地址:行政地名,医疗保健:诊所,医疗保健:其它医疗保健,地名地址:行政地名,地名地址:行政地名,地名地址:行政地名,旅游景点:其它旅游景点,基础设施:交通设施:公交车站,基础设施:交通设施:公交车站,基础设施:交通设施:公交车站,地名地址:道路名,基础设施:道路附属:路口,基础设施:道路附属:路口,地名地址:道路名,机构团体:政府机关,公司企业:公司企业,机构团体:社会团体"
"(8, 4)","地名地址:行政地名,地名地址:行政地名,地名地址:行政地名,地名地址:行政地名,生活服务:宠物服务:宠物商店,美食:私家菜,生活服务:废品收购站,购物:农贸市场,地名地址:行政地名,教育学校:幼儿园,地名地址:行政地名,公司企业:农林牧渔基地,公司企业:公司企业,公司企业:公司企业"
"(7, 1)",旅游景点:公园
"(8, 6)","娱乐休闲:户外活动:采摘园,美食:火锅,地名地址:行政地名,娱乐休闲:户外活动:采摘园,房产小区:住宅区:住宅小区,地名地址:行政地名,房产小区:住宅区:住宅小区,地名地址:道路名,基础设施:道路附属:路口,汽车:停车场,娱乐休闲:其它娱乐休闲"
"(4, 4)","机构团体:政府机关,地名地址:行政地名,地名地址:行政地名,地名地址:行政地名,地名地址:行政地名,公司企业:公司企业,公司企业:企业/工厂,公司企业:农林牧渔基地,酒店宾馆:其它酒店宾馆,机构团体:政府机关,机构团体:政府机关,机构团体:政府机关,机构团体:政府机关,机构团体:政府机关,机构团体:政府机关,机构团体:政府机关"
"(7, 4)","购物:烟酒专卖,地名地址:行政地名,地名地址:行政地名,购物:家具家居建材:建材,地名地址:行政地名,娱乐休闲:其它娱乐休闲,地名地址:行政地名,生活服务:其它生活服务,生活服务:其它生活服务,生活服务:其它生活服务,生活服务:信息咨询中心,公司企业:公司企业"
"(6, 3)",None
"(1, 1)",None
"(1, 0)","地名地址:行政地名,汽车:停车场,地名地址:行政地名,地名地址:行政地名,旅游景点:风景名胜,地名地址:行政地名,娱乐休闲:其它娱乐休闲,地名地址:行政地名,地名地址:行政地名,娱乐休闲:其它娱乐休闲,地名地址:道路名,基础设施:道路附属:路口,娱乐休闲:其它娱乐休闲"
"(0, 0)","地名地址:行政地名,汽车:停车场,地名地址:行政地名,地名地址:行政地名,旅游景点:风景名胜,地名地址:行政地名,娱乐休闲:其它娱乐休闲,地名地址:行政地名,地名地址:行政地名,娱乐休闲:其它娱乐休闲,地名地址:道路名,基础设施:道路附属:路口,娱乐休闲:其它娱乐休闲"
"(3, 10)","购物:农贸市场,医疗保健:医疗保健附属,地名地址:行政地名,公司企业:公司企业,娱乐休闲:其它娱乐休闲,机构团体:政府机关,娱乐休闲:其它娱乐休闲,娱乐休闲:其它娱乐休闲,生活服务:废品收购站,地名地址:行政地名,娱乐休闲:户外活动:采摘园,地名地址:行政地名,公司企业:农林牧渔基地,娱乐休闲:户外活动:采摘园,地名地址:行政地名,地名地址:行政地名,公司企业:农林牧渔基地,基础设施:交通设施:公交车站,地名地址:道路名,机构团体:政府机关"
"(6, 6)",None
"(5, 6)",None
"(0, 10)","房产小区:产业园区,基础设施:交通设施:公交车站,地名地址:行政地名,地名地址:行政地名,地名地址:行政地名"
"(15, 2)","地名地址:行政地名,运动健身:其它运动健身,地名地址:行政地名,地名地址:行政地名,地名地址:行政地名,机构团体:政府机关,地名地址:行政地名,娱乐休闲:其它娱乐休闲,购物:花鸟鱼虫,地名地址:道路名,公司企业:农林牧渔基地,基础设施:道路附属:路口"
"(3, 9)","地名地址:自然地名:河流,地名地址:行政地名,地名地址:行政地名,地名地址:行政地名,公司企业:农林牧渔基地"
"(9, 0)",None
"(6, 0)",None
"(6, 1)",None
"(10, 1)",None
"(15, 3)","医疗保健:卫生院,基础设施:道路附属:路口,地名地址:行政地名,地名地址:行政地名,地名地址:行政地名,公司企业:企业/工厂,地名地址:行政地名,公司企业:公司企业,公司企业:农林牧渔基地,公司企业:公司企业,公司企业:农林牧渔基地,公司企业:公司企业,购物:超市,机构团体:社会团体,地名地址:道路名,基础设施:道路附属:路口"
"(1, 12)","公司企业:农林牧渔基地,地名地址:行政地名,娱乐休闲:户外活动:采摘园,娱乐休闲:其它娱乐休闲,公司企业:公司企业,地名地址:行政地名,娱乐休闲:户外活动:垂钓园,娱乐休闲:其它娱乐休闲,地名地址:行政地名,公司企业:农林牧渔基地,公司企业:农林牧渔基地"
"(0, 2)","基础设施:道路附属:路口,地名地址:行政地名,地名地址:行政地名,地名地址:自然地名:河流,购物:其它购物,公司企业:公司企业,公司企业:农林牧渔基地"
"(0, 1)","房产小区:住宅区:住宅小区,旅游景点:风景名胜,地名地址:行政地名,购物:超市,地名地址:行政地名,地名地址:行政地名,美食:中餐厅:川菜,美食:中餐厅:其它中餐厅,地名地址:行政地名,地名地址:行政地名,室内及附属设施:通行设施类:门/出入口,娱乐休闲:其它娱乐休闲,购物:便利店,生活服务:丧葬"
"(24, 6)",None
"(24, 7)",None
"(26, 5)",基础设施:交通设施:长途汽车站
"(17, 12)","美食:火锅,娱乐休闲:KTV,娱乐休闲:洗浴推拿足疗,生活服务:装修,旅游景点:城市广场,房产小区:住宅区:住宅小区,娱乐休闲:KTV,运动健身:健身中心,美食:小吃快餐,房产小区:商务楼宇,娱乐休闲:茶馆,房产小区:住宅区:其它住宅区,教育学校:幼儿园,银行金融:银行,美食:中餐厅:其它中餐厅,银行金融:银行,酒店宾馆:酒店宾馆,机构团体:公检法机构,银行金融:银行,房产小区:住宅区:住宅小区"
"(16, 11)",旅游景点:公园
"(18, 11)",汽车:汽车销售
"(18, 9)","公司企业:公司企业,房产小区:住宅区:住宅小区,房产小区:住宅区:住宅小区,房产小区:住宅区:住宅小区,旅游景点:公园,地名地址:热点区域:商圈类,汽车:汽车租赁,地名地址:道路名,地名地址:行政地名,教育学校:中学,房产小区:住宅区:住宅小区,地名地址:行政地名,房产小区:住宅区:住宅小区,运动健身:综合体育场馆,汽车:汽车销售,房产小区:住宅区:住宅小区,公司企业:公司企业,教育学校:幼儿园,购物:超市,购物:超市"
"(18, 12)",娱乐休闲:茶馆
"(19, 12)",None
"(17, 11)",汽车:汽车销售
"(15, 11)",None
"(16, 8)",旅游景点:植物园
"(15, 9)",None
"(19, 8)",None
"(19, 6)",None
"(15, 7)",房产小区:产业园区
"(16, 6)","教育学校:中学,美食:中餐厅:其它中餐厅,购物:农贸市场,房产小区:住宅区:住宅小区,地名地址:行政地名,美食:中餐厅:其它中餐厅,房产小区:住宅区:住宅小区,房产小区:住宅区:住宅小区,银行金融:自动提款机,公司企业:公司企业,汽车:加油站:其它加油站,教育学校:幼儿园,生活服务:邮局速递:物流公司,公司企业:公司企业,汽车:汽车维修,公司企业:公司企业,购物:超市,医疗保健:诊所,房产小区:住宅区:住宅小区,汽车:汽车维修"
"(15, 6)",房产小区:产业园区
"(17, 6)","教育学校:中学,美食:中餐厅:其它中餐厅,购物:农贸市场,房产小区:住宅区:住宅小区,地名地址:行政地名,美食:中餐厅:其它中餐厅,房产小区:住宅区:住宅小区,房产小区:住宅区:住宅小区,银行金融:自动提款机,公司企业:公司企业,汽车:加油站:其它加油站,教育学校:幼儿园,生活服务:邮局速递:物流公司,公司企业:公司企业,汽车:汽车维修,公司企业:公司企业,购物:超市,医疗保健:诊所,房产小区:住宅区:住宅小区,汽车:汽车维修"
"(19, 7)","生活服务:邮局速递:速递,购物:农贸市场,房产小区:住宅区:住宅小区,购物:农贸市场,地名地址:行政地名,购物:农贸市场,房产小区:住宅区:住宅小区,教育学校:大学,房产小区:住宅区:住宅小区,教育学校:小学,公司企业:公司企业,房产小区:住宅区:住宅小区,美食:中餐厅:浙江菜,公司企业:公司企业,教育学校:职业技术学校,教育学校:幼儿园,购物:农贸市场,酒店宾馆:酒店宾馆,教育学校:教育学校附属,生活服务:其它生活服务"
"(21, 6)","机构团体:公检法机构,生活服务:福利院养老院,购物:农贸市场,教育学校:小学,地名地址:行政地名,生活服务:废品收购站,医疗保健:卫生院,酒店宾馆:酒店宾馆,地名地址:行政地名,教育学校:幼儿园,地名地址:道路名,地名地址:道路名,医疗保健:药房药店,地名地址:行政地名,地名地址:行政地名,地名地址:行政地名,公司企业:公司企业,医疗保健:卫生院,汽车:车辆管理机构,机构团体:社会团体"
"(21, 7)","机构团体:公检法机构,生活服务:福利院养老院,购物:农贸市场,教育学校:小学,地名地址:行政地名,生活服务:废品收购站,医疗保健:卫生院,酒店宾馆:酒店宾馆,地名地址:行政地名,教育学校:幼儿园,地名地址:道路名,地名地址:道路名,医疗保健:药房药店,地名地址:行政地名,地名地址:行政地名,地名地址:行政地名,公司企业:公司企业,医疗保健:卫生院,汽车:车辆管理机构,机构团体:社会团体"
"(20, 7)","机构团体:公检法机构,生活服务:福利院养老院,购物:农贸市场,教育学校:小学,地名地址:行政地名,生活服务:废品收购站,医疗保健:卫生院,酒店宾馆:酒店宾馆,地名地址:行政地名,教育学校:幼儿园,地名地址:道路名,地名地址:道路名,医疗保健:药房药店,地名地址:行政地名,地名地址:行政地名,地名地址:行政地名,公司企业:公司企业,医疗保健:卫生院,汽车:车辆管理机构,机构团体:社会团体"
"(25, 10)",None
"(26, 10)",None
"(23, 10)",None
"(22, 10)",房产小区:住宅区:住宅小区
"(22, 11)","房产小区:住宅区:住宅小区,美食:中餐厅:其它中餐厅,美食:冷饮店,汽车:车辆管理机构,地名地址:行政地名,运动健身:篮球场,地名地址:热点区域:商圈类,机构团体:公检法机构,房产小区:住宅区:住宅小区,房产小区:住宅区:住宅小区,医疗保健:综合医院,汽车:车辆管理机构,教育学校:大学,汽车:车辆管理机构,房产小区:住宅区:住宅小区,教育学校:幼儿园,房产小区:住宅区:住宅小区,房产小区:住宅区:住宅小区,教育学校:幼儿园,酒店宾馆:酒店宾馆"
"(25, 7)",房产小区:住宅区:住宅小区
"(25, 8)",房产小区:住宅区:住宅小区
"(24, 8)",房产小区:住宅区:住宅小区
"(25, 6)","房产小区:住宅区:住宅小区,美食:中餐厅:其它中餐厅,汽车:汽车配件销售,美食:自助餐,房产小区:商务楼宇,汽车:汽车维修,美食:中餐厅:其它中餐厅,汽车:汽车维修,生活服务:美容美发:美发,房产小区:住宅区:住宅小区,房产小区:住宅区:住宅小区,房产小区:住宅区:住宅小区,汽车:加油站:中石油,汽车:汽车维修,房产小区:住宅区:住宅小区,美食:小吃快餐,房产小区:住宅区:住宅小区,教育学校:幼儿园,地名地址:行政地名,酒店宾馆:酒店宾馆"
"(21, 11)","房产小区:住宅区:住宅小区,房产小区:住宅区:别墅,房产小区:住宅区:住宅小区,酒店宾馆:酒店宾馆,房产小区:住宅区:住宅小区,房产小区:住宅区:住宅小区,房产小区:住宅区:住宅小区,公司企业:公司企业,公司企业:公司企业,房产小区:住宅区:住宅小区,房产小区:房产小区附属,房产小区:房产小区附属,房产小区:住宅区:住宅小区,生活服务:美容美发:美容SPA,房产小区:房产小区附属,购物:母婴儿童,美食:中餐厅:其它中餐厅,生活服务:美容美发:美容SPA,美食:小吃快餐,娱乐休闲:茶馆"
"(21, 12)","房产小区:住宅区:住宅小区,教育学校:幼儿园,房产小区:住宅区:住宅小区,美食:火锅,美食:中餐厅:川菜,房产小区:住宅区:住宅小区,房产小区:住宅区:住宅小区,房产小区:住宅区:住宅小区,娱乐休闲:洗浴推拿足疗:按摩,美食:中餐厅:川菜,美食:火锅,房产小区:住宅区:住宅小区,房产小区:住宅区:住宅小区,美食:清真,机构团体:社会团体,银行金融:银行,教育学校:其它教育学校,基础设施:交通设施:公交车站,地名地址:道路名,酒店宾馆:酒店宾馆"
"(23, 8)",房产小区:住宅区:住宅小区
"(19, 3)",房产小区:住宅区:住宅小区
"(22, 12)","基础设施:交通设施:公交车站,汽车:汽车维修,汽车:汽车维修,房产小区:住宅区:住宅小区,购物:便利店,房产小区:住宅区:住宅小区,地名地址:行政地名,房产小区:产业园区,房产小区:产业园区,地名地址:行政地名,地名地址:行政地名,教育学校:幼儿园,旅游景点:风景名胜,地名地址:行政地名,地名地址:行政地名,公司企业:企业/工厂,地名地址:道路名,房产小区:其它房产小区,公司企业:公司企业,医疗保健:药房药店"
"(23, 11)",教育学校:大学
"(20, 2)","美食:火锅,房产小区:住宅区:住宅小区,教育学校:培训,房产小区:住宅区:住宅小区,公司企业:公司企业,地名地址:行政地名,文化场馆:展览馆,地名地址:行政地名,银行金融:证券公司,汽车:汽车维修,公司企业:公司企业,地名地址:行政地名,房产小区:住宅区:住宅小区,房产小区:住宅区:住宅小区,房产小区:住宅区:住宅小区,公司企业:公司企业,地名地址:行政地名,地名地址:行政地名,地名地址:行政地名,房产小区:其它房产小区"
"(19, 2)",购物:自行车专卖
"(23, 0)","娱乐休闲:户外活动:露营地,购物:其它购物,地名地址:行政地名,地名地址:行政地名,机构团体:政府机关,购物:珠宝饰品:珠宝,公司企业:农林牧渔基地,地名地址:行政地名,医疗保健:卫生院,旅游景点:景点公园附属,酒店宾馆:其它酒店宾馆,旅游景点:国家级景点,购物:花鸟鱼虫,酒店宾馆:度假村,地名地址:行政地名,公司企业:农林牧渔基地,地名地址:行政地名,公司企业:公司企业,机构团体:社会团体,机构团体:政府机关"
"(18, 10)",娱乐休闲:KTV
"(18, 7)",None
"(20, 12)",None
"(23, 6)","公司企业:公司企业,公司企业:公司企业,公司企业:公司企业,公司企业:公司企业,房产小区:产业园区,公司企业:公司企业,购物:数码家电,房产小区:住宅区:住宅小区,公司企业:公司企业,教育学校:大学,房产小区:商务楼宇,公司企业:公司企业,公司企业:公司企业,公司企业:公司企业,公司企业:公司企业,公司企业:公司企业,公司企业:公司企业,教育学校:教育学校附属,公司企业:公司企业,公司企业:公司企业"
"(14, 9)",None
"(25, 3)","购物:便利店,美食:中餐厅:川菜,公司企业:公司企业,美食:中餐厅:川菜,美食:小吃快餐,美食:特色中餐,公司企业:农林牧渔基地,美食:其它美食,美食:中餐厅:其它中餐厅,公司企业:公司企业,地名地址:行政地名,地名地址:行政地名,地名地址:行政地名,公司企业:农林牧渔基地,公司企业:公司企业,购物:便利店,地名地址:行政地名"
"(25, 4)","购物:便利店,美食:中餐厅:川菜,公司企业:公司企业,美食:中餐厅:川菜,美食:小吃快餐,美食:特色中餐,公司企业:农林牧渔基地,美食:其它美食,美食:中餐厅:其它中餐厅,公司企业:公司企业,地名地址:行政地名,地名地址:行政地名,地名地址:行政地名,公司企业:农林牧渔基地,公司企业:公司企业,购物:便利店,地名地址:行政地名"
"(26, 3)","购物:便利店,美食:中餐厅:川菜,公司企业:公司企业,美食:中餐厅:川菜,美食:小吃快餐,美食:特色中餐,公司企业:农林牧渔基地,美食:其它美食,美食:中餐厅:其它中餐厅,公司企业:公司企业,地名地址:行政地名,地名地址:行政地名,地名地址:行政地名,公司企业:农林牧渔基地,公司企业:公司企业,购物:便利店,地名地址:行政地名"
"(24, 5)","美食:中餐厅:其它中餐厅,美食:火锅,美食:中餐厅:其它中餐厅,美食:特色中餐,美食:火锅,美食:火锅,美食:中餐厅:川菜,房产小区:住宅区:住宅小区,美食:中餐厅:其它中餐厅,房产小区:住宅区:住宅小区,房产小区:住宅区:住宅小区,房产小区:住宅区:住宅小区,房产小区:住宅区:住宅小区,美食:烧烤,房产小区:商务楼宇,房产小区:住宅区:住宅小区,地名地址:行政地名,美食:烧烤,汽车:驾校,购物:超市"
"(25, 5)","美食:烧烤,美食:烧烤,美食:烧烤,房产小区:住宅区:住宅小区,房产小区:住宅区:住宅小区,房产小区:住宅区:住宅小区,房产小区:住宅区:住宅小区,房产小区:住宅区:住宅小区,地名地址:行政地名,房产小区:商务楼宇,美食:中餐厅:其它中餐厅,娱乐休闲:咖啡厅,房产小区:住宅区:住宅小区,房产小区:住宅区:住宅小区,美食:中餐厅:其它中餐厅,美食:火锅,美食:火锅,地名地址:道路名,地名地址:行政地名,房产小区:住宅区:住宅小区"
"(23, 7)",None
"(26, 2)","地名地址:行政地名,娱乐休闲:户外活动:垂钓园,公司企业:农林牧渔基地,地名地址:行政地名,医疗保健:卫生院,美食:火锅,购物:便利店,基础设施:道路附属:路口,地名地址:行政地名,地名地址:道路名,购物:便利店,基础设施:道路附属:路口,地名地址:行政地名,公司企业:公司企业"
"(17, 9)",房产小区:住宅区:住宅小区
"(20, 8)",None
"(21, 8)",旅游景点:公园
"(20, 6)",机构团体:科研机构
"(19, 4)","美食:火锅,美食:中餐厅:川菜,房产小区:住宅区:住宅小区,娱乐休闲:茶馆,房产小区:住宅区:住宅小区,酒店宾馆:酒店宾馆,美食:火锅,美食:火锅,美食:中餐厅:其它中餐厅,房产小区:住宅区:住宅小区,教育学校:中学,房产小区:住宅区:住宅小区,房产小区:住宅区:住宅小区,美食:火锅,美食:中餐厅:新疆菜,美食:中餐厅:川菜,生活服务:邮局速递:速递,美食:中餐厅:其它中餐厅,美食:火锅,娱乐休闲:茶馆"
"(19, 5)","美食:火锅,美食:中餐厅:川菜,房产小区:住宅区:住宅小区,娱乐休闲:茶馆,房产小区:住宅区:住宅小区,酒店宾馆:酒店宾馆,美食:火锅,美食:火锅,美食:中餐厅:其它中餐厅,房产小区:住宅区:住宅小区,教育学校:中学,房产小区:住宅区:住宅小区,房产小区:住宅区:住宅小区,美食:火锅,美食:中餐厅:新疆菜,美食:中餐厅:川菜,生活服务:邮局速递:速递,美食:中餐厅:其它中餐厅,美食:火锅,娱乐休闲:茶馆"
"(20, 5)","教育学校:大学,房产小区:产业园区,医疗保健:综合医院,房产小区:住宅区:宿舍,机构团体:科研机构,房产小区:房产小区附属,地名地址:行政地名,地名地址:行政地名,房产小区:住宅区:住宅小区,公司企业:农林牧渔基地,旅游景点:寺庙道观,地名地址:行政地名,公司企业:公司企业,美食:小吃快餐,公司企业:公司企业,公司企业:公司企业,文化场馆:图书馆,银行金融:银行,基础设施:交通设施:公交车站,生活服务:邮局速递:物流仓储场地"
"(21, 5)",None
"(18, 3)",None
"(17, 4)","房产小区:住宅区:住宅小区,房产小区:住宅区:住宅小区,教育学校:幼儿园,教育学校:小学,房产小区:住宅区:住宅小区,娱乐休闲:茶馆,房产小区:住宅区:住宅小区,运动健身:健身中心,房产小区:住宅区:住宅小区,购物:超市,购物:综合商场:购物中心,房产小区:住宅区:住宅小区,美食:火锅,地名地址:行政地名,房产小区:住宅区:住宅小区,房产小区:房产小区附属,运动健身:瑜伽,房产小区:住宅区:住宅小区,美食:火锅,运动健身:台球馆"
"(17, 3)",公司企业:公司企业
"(16, 1)",生活服务:丧葬
"(17, 1)","房产小区:住宅区:住宅小区,房产小区:住宅区:其它住宅区,购物:便利店,地名地址:行政地名,娱乐休闲:茶馆,地名地址:行政地名,购物:家具家居建材:五金用品,购物:便利店,娱乐休闲:茶馆,公司企业:公司企业,公司企业:公司企业,公司企业:企业/工厂,公司企业:企业/工厂,公司企业:企业/工厂,公司企业:公司企业,公司企业:公司企业,美食:火锅,公司企业:公司企业,公司企业:公司企业,公司企业:公司企业"
"(18, 1)",房产小区:住宅区:住宅小区
"(18, 2)",购物:自行车专卖
"(19, 1)","酒店宾馆:经济型酒店,地名地址:行政地名,房产小区:住宅区:住宅小区,房产小区:住宅区:住宅小区,购物:家具家居建材:家具家居,购物:自行车专卖,教育学校:大学,娱乐休闲:剧场音乐厅:剧场,汽车:汽车维修,教育学校:幼儿园,房产小区:住宅区:住宅小区,房产小区:住宅区:住宅小区,房产小区:住宅区:住宅小区,教育学校:职业技术学校,生活服务:家政:家电维修,旅游景点:城市广场,娱乐休闲:茶馆,房产小区:住宅区:住宅小区,娱乐休闲:其它娱乐休闲,运动健身:健身中心"
"(17, 2)",公司企业:公司企业
"(22, 2)","酒店宾馆:其它酒店宾馆,地名地址:行政地名,地名地址:行政地名,美食:中餐厅:川菜,医疗保健:诊所,地名地址:行政地名,地名地址:行政地名,地名地址:行政地名,机构团体:政府机关,地名地址:行政地名,地名地址:行政地名,地名地址:道路名,购物:家具家居建材:建材,地名地址:道路名,美食:小吃快餐,基础设施:道路附属:路口,基础设施:道路附属:路口,公司企业:公司企业,公司企业:农林牧渔基地,娱乐休闲:茶馆"
"(21, 3)","酒店宾馆:其它酒店宾馆,地名地址:行政地名,地名地址:行政地名,美食:中餐厅:川菜,医疗保健:诊所,地名地址:行政地名,地名地址:行政地名,地名地址:行政地名,机构团体:政府机关,地名地址:行政地名,地名地址:行政地名,地名地址:道路名,购物:家具家居建材:建材,地名地址:道路名,美食:小吃快餐,基础设施:道路附属:路口,基础设施:道路附属:路口,公司企业:公司企业,公司企业:农林牧渔基地,娱乐休闲:茶馆"
"(22, 3)","酒店宾馆:其它酒店宾馆,地名地址:行政地名,地名地址:行政地名,美食:中餐厅:川菜,医疗保健:诊所,地名地址:行政地名,地名地址:行政地名,地名地址:行政地名,机构团体:政府机关,地名地址:行政地名,地名地址:行政地名,地名地址:道路名,购物:家具家居建材:建材,地名地址:道路名,美食:小吃快餐,基础设施:道路附属:路口,基础设施:道路附属:路口,公司企业:公司企业,公司企业:农林牧渔基地,娱乐休闲:茶馆"
"(20, 3)","美食:中餐厅:其它中餐厅,房产小区:住宅区:别墅,购物:花鸟鱼虫,地名地址:行政地名,购物:花鸟鱼虫,购物:花鸟鱼虫,购物:花鸟鱼虫,房产小区:住宅区:住宅小区,公司企业:农林牧渔基地,酒店宾馆:农家院,美食:小吃快餐,美食:中餐厅:其它中餐厅,地名地址:行政地名,地名地址:行政地名,教育学校:大学,地名地址:行政地名,房产小区:住宅区:住宅小区,房产小区:住宅区:住宅小区,地名地址:行政地名,地名地址:其它地名地址"
"(20, 4)","教育学校:大学,房产小区:产业园区,医疗保健:综合医院,房产小区:住宅区:宿舍,机构团体:科研机构,房产小区:房产小区附属,地名地址:行政地名,地名地址:行政地名,房产小区:住宅区:住宅小区,公司企业:农林牧渔基地,旅游景点:寺庙道观,地名地址:行政地名,公司企业:公司企业,美食:小吃快餐,公司企业:公司企业,公司企业:公司企业,文化场馆:图书馆,银行金融:银行,基础设施:交通设施:公交车站,生活服务:邮局速递:物流仓储场地"
"(21, 1)","房产小区:住宅区:住宅小区,公司企业:公司企业,机构团体:政府机关,教育学校:培训,教育学校:培训,地名地址:行政地名,地名地址:行政地名,地名地址:行政地名,购物:超市,基础设施:交通设施:公交车站,地名地址:行政地名,购物:花鸟鱼虫,地名地址:行政地名,购物:花鸟鱼虫,教育学校:幼儿园,基础设施:道路附属:路口,基础设施:道路附属:路口,公司企业:农林牧渔基地,公司企业:公司企业,机构团体:政府机关"
"(22, 1)",None
"(21, 2)","房产小区:住宅区:住宅小区,房产小区:住宅区:住宅小区,房产小区:住宅区:别墅,房产小区:住宅区:住宅小区,美食:中餐厅:川菜,房产小区:住宅区:别墅,房产小区:住宅区:住宅小区,娱乐休闲:户外活动:游乐场,房产小区:住宅区:社区中心,房产小区:住宅区:住宅小区,房产小区:住宅区:住宅小区,机构团体:公检法机构,旅游景点:寺庙道观,机构团体:政府机关,娱乐休闲:茶馆,公司企业:公司企业,房产小区:住宅区:住宅小区,娱乐休闲:咖啡厅,汽车:加油站:其它加油站,房产小区:房产小区附属"
"(16, 12)","美食:火锅,娱乐休闲:KTV,娱乐休闲:洗浴推拿足疗,生活服务:装修,旅游景点:城市广场,房产小区:住宅区:住宅小区,娱乐休闲:KTV,运动健身:健身中心,美食:小吃快餐,房产小区:商务楼宇,娱乐休闲:茶馆,房产小区:住宅区:其它住宅区,教育学校:幼儿园,银行金融:银行,美食:中餐厅:其它中餐厅,银行金融:银行,酒店宾馆:酒店宾馆,机构团体:公检法机构,银行金融:银行,房产小区:住宅区:住宅小区"
"(20, 9)",None
"(20, 10)",None
"(17, 10)",娱乐休闲:KTV
"(19, 10)",None
"(26, 4)",None
"(24, 4)","汽车:加油站:加气站,机构团体:政府机关,房产小区:住宅区:住宅小区,房产小区:住宅区:住宅小区,娱乐休闲:咖啡厅,机构团体:政府机关,房产小区:产业园区,房产小区:住宅区:住宅小区,房产小区:住宅区:住宅小区,机构团体:政府机关,旅游景点:公园,房产小区:住宅区:住宅小区,旅游景点:公园,机构团体:政府机关,教育学校:小学,公司企业:公司企业,房产小区:商务楼宇,机构团体:政府机关,机构团体:政府机关,机构团体:政府机关"
"(24, 3)",旅游景点:公园
"(25, 9)","美食:中餐厅:川菜,娱乐休闲:户外活动:采摘园,房产小区:住宅区:住宅小区,基础设施:交通设施:公交线路,公司企业:公司企业,购物:超市,公司企业:公司企业,地名地址:热点区域:商圈类,购物:超市,运动健身:马术,地名地址:行政地名,公司企业:公司企业,地名地址:行政地名,地名地址:行政地名,公司企业:公司企业,地名地址:行政地名,公司企业:企业/工厂,购物:便利店,基础设施:交通设施:公交车站,公司企业:公司企业"
"(24, 9)","房产小区:产业园区,公司企业:公司企业,公司企业:公司企业,公司企业:公司企业,房产小区:产业园区,公司企业:企业/工厂,房产小区:产业园区,地名地址:热点区域:商圈类,公司企业:公司企业,公司企业:公司企业,公司企业:公司企业,购物:家具家居建材,公司企业:公司企业,购物:母婴儿童,公司企业:公司企业,公司企业:公司企业,公司企业:公司企业,公司企业:公司企业,公司企业:公司企业,公司企业:公司企业"
"(24, 10)",教育学校:大学
"(26, 7)",公司企业:公司企业
"(26, 8)",公司企业:公司企业
"(25, 2)","房产小区:房产小区附属,地名地址:行政地名,地名地址:行政地名,地名地址:行政地名,美食:中餐厅:其它中餐厅,地名地址:行政地名,公司企业:农林牧渔基地,美食:火锅,房产小区:住宅区:住宅小区,公司企业:农林牧渔基地,地名地址:其它地名地址,生活服务:废品收购站,基础设施:道路附属:路口,地名地址:道路名,生活服务:其它生活服务"
"(14, 10)",None
"(16, 10)","娱乐休闲:茶馆,房产小区:住宅区:住宅小区,娱乐休闲:茶馆,娱乐休闲:茶馆,房产小区:住宅区:住宅小区,银行金融:银行,房产小区:住宅区:住宅小区,医疗保健:诊所,房产小区:住宅区:住宅小区,娱乐休闲:茶馆,酒店宾馆:星级酒店,房产小区:住宅区:住宅小区,房产小区:住宅区:住宅小区,公司企业:公司企业,房产小区:住宅区:住宅小区,美食:火锅,汽车:汽车养护,运动健身:健身中心,购物:烟酒专卖,银行金融:银行"
"(15, 10)","汽车:汽车销售,汽车:汽车销售,酒店宾馆:酒店宾馆,房产小区:产业园区,机构团体:公检法机构,酒店宾馆:酒店宾馆,汽车:二手车交易市场,汽车:汽车销售,房产小区:商务楼宇,汽车:汽车销售,汽车:汽车销售,娱乐休闲:网吧,房产小区:商务楼宇,汽车:汽车销售,房产小区:商务楼宇,地名地址:道路名,汽车:汽车销售,酒店宾馆:公寓式酒店,房产小区:商务楼宇,医疗保健:药房药店"
"(18, 8)","房产小区:住宅区:住宅小区,房产小区:住宅区:住宅小区,汽车:加油站:中石油,酒店宾馆:酒店宾馆,基础设施:交通设施:公交车站,房产小区:住宅区:住宅小区,房产小区:住宅区:住宅小区,基础设施:交通设施:地铁站,旅游景点:国家级景点,房产小区:住宅区:住宅小区,房产小区:商务楼宇,美食:中餐厅:川菜,美食:小吃快餐,生活服务:洗衣店,教育学校:幼儿园,购物:便利店,购物:超市,教育学校:幼儿园,购物:超市,酒店宾馆:酒店宾馆"
"(17, 8)",None
"(24, 11)","娱乐休闲:其它娱乐休闲,文化场馆:展览馆,地名地址:行政地名,公司企业:农林牧渔基地,购物:花鸟鱼虫,购物:家具家居建材:建材,公司企业:公司企业,地名地址:热点区域:商圈类,公司企业:农林牧渔基地,地名地址:行政地名,公司企业:企业/工厂,房产小区:住宅区:住宅小区,公司企业:公司企业,公司企业:农林牧渔基地,公司企业:企业/工厂,地名地址:行政地名,公司企业:公司企业,地名地址:行政地名,地名地址:行政地名,地名地址:行政地名"
"(21, 9)",公司企业:公司企业
"(22, 8)",教育学校:大学
"(22, 7)","房产小区:住宅区:住宅小区,购物:综合商场:购物中心,房产小区:房产小区附属,生活服务:家政:家电维修,教育学校:大学,酒店宾馆:酒店宾馆,房产小区:住宅区:住宅小区,房产小区:住宅区:住宅小区,地名地址:行政地名,教育学校:小学,房产小区:住宅区:住宅小区,房产小区:住宅区:住宅小区,美食:火锅,娱乐休闲:咖啡厅,教育学校:其它教育学校,酒店宾馆:酒店宾馆,酒店宾馆:酒店宾馆,机构团体:公检法机构,娱乐休闲:咖啡厅,购物:超市"
"(22, 9)",教育学校:大学
"(23, 9)","教育学校:大学,地名地址:行政地名,房产小区:住宅区:住宅小区,地名地址:热点区域:商圈类,房产小区:住宅区:住宅小区,房产小区:住宅区:住宅小区,教育学校:大学,房产小区:住宅区:住宅小区,房产小区:住宅区:住宅小区,房产小区:住宅区:住宅小区,房产小区:住宅区:住宅小区,地名地址:热点区域:商圈类,房产小区:住宅区:住宅小区,房产小区:住宅区:住宅小区,文化场馆:图书馆,机构团体:公检法机构,地名地址:行政地名,地名地址:行政地名,酒店宾馆:酒店宾馆,房产小区:房产小区附属"
"(16, 9)","美食:火锅,地名地址:行政地名,旅游景点:风景名胜,酒店宾馆:酒店宾馆,酒店宾馆:星级酒店,机构团体:政府机关,房产小区:住宅区:住宅小区,汽车:加油站:其它加油站,地名地址:行政地名,酒店宾馆:农家院,娱乐休闲:茶馆,房产小区:住宅区:住宅小区,公司企业:公司企业,汽车:汽车维修,地名地址:行政地名,汽车:汽车养护,教育学校:中学,购物:家具家居建材:建材,购物:超市,购物:便利店"
"(20, 11)",None
"(21, 10)",None
"(18, 0)",None
"(19, 0)",None
"(26, 1)",None
"(26, 6)",基础设施:交通设施:长途汽车站
"(18, 4)","房产小区:住宅区:住宅小区,房产小区:住宅区:住宅小区,教育学校:幼儿园,教育学校:小学,房产小区:住宅区:住宅小区,娱乐休闲:茶馆,房产小区:住宅区:住宅小区,运动健身:健身中心,房产小区:住宅区:住宅小区,购物:超市,购物:综合商场:购物中心,房产小区:住宅区:住宅小区,美食:火锅,地名地址:行政地名,房产小区:住宅区:住宅小区,房产小区:房产小区附属,运动健身:瑜伽,房产小区:住宅区:住宅小区,美食:火锅,运动健身:台球馆"
"(22, 6)","房产小区:住宅区:住宅小区,机构团体:科研机构,房产小区:住宅区:住宅小区,公司企业:企业/工厂,公司企业:公司企业,地名地址:行政地名,公司企业:公司企业,购物:超市,房产小区:产业园区,购物:超市,房产小区:商务楼宇,生活服务:邮局速递:速递,地名地址:热点区域:商圈类,公司企业:公司企业,房产小区:商务楼宇,公司企业:其它公司企业,公司企业:公司企业,基础设施:交通设施:公交车站,酒店宾馆:酒店宾馆,酒店宾馆:公寓式酒店"
"(22, 5)",房产小区:住宅区:住宅小区
"(23, 5)",房产小区:住宅区:住宅小区
"(18, 5)","美食:火锅,美食:中餐厅:川菜,房产小区:住宅区:住宅小区,娱乐休闲:茶馆,房产小区:住宅区:住宅小区,酒店宾馆:酒店宾馆,美食:火锅,美食:火锅,美食:中餐厅:其它中餐厅,房产小区:住宅区:住宅小区,教育学校:中学,房产小区:住宅区:住宅小区,房产小区:住宅区:住宅小区,美食:火锅,美食:中餐厅:新疆菜,美食:中餐厅:川菜,生活服务:邮局速递:速递,美食:中餐厅:其它中餐厅,美食:火锅,娱乐休闲:茶馆"
"(19, 11)","房产小区:住宅区:住宅小区,房产小区:住宅区:住宅小区,房产小区:住宅区:住宅小区,娱乐休闲:茶馆,美食:火锅,娱乐休闲:茶馆,医疗保健:专科医院:齿科,房产小区:住宅区:宿舍,美食:中餐厅:其它中餐厅,机构团体:公检法机构,房产小区:住宅区:住宅小区,生活服务:废品收购站,房产小区:住宅区:住宅小区,房产小区:住宅区:住宅小区,地名地址:热点区域:商圈类,机构团体:政府机关,娱乐休闲:KTV,房产小区:住宅区:住宅小区,地名地址:行政地名,酒店宾馆:酒店宾馆"
"(19, 9)",None
"(16, 0)","文化场馆:博物馆,地名地址:行政地名,美食:茶餐厅,娱乐休闲:户外活动:露营地,公司企业:公司企业,旅游景点:风景名胜,房产小区:房产小区附属,房产小区:住宅区:住宅小区,购物:其它购物,地名地址:行政地名,教育学校:幼儿园,地名地址:行政地名,房产小区:住宅区:住宅小区,房产小区:住宅区:住宅小区,教育学校:幼儿园,娱乐休闲:咖啡厅,运动健身:其它运动健身,房产小区:住宅区:别墅,地名地址:行政地名,生活服务:票务代售:其它票务代售"
"(18, 6)","房产小区:住宅区:住宅小区,地名地址:行政地名,房产小区:住宅区:住宅小区,美食:小吃快餐,文化场馆:文化宫,房产小区:住宅区:住宅小区,娱乐休闲:茶馆,基础设施:道路附属:路口,地名地址:行政地名,房产小区:住宅区:住宅小区,地名地址:行政地名,房产小区:住宅区:住宅小区,房产小区:住宅区:别墅,运动健身:健身中心,教育学校:中学,房产小区:住宅区:住宅小区,地名地址:行政地名,地名地址:自然地名:河流,地名地址:行政地名,美食:火锅"
"(17, 5)","房产小区:住宅区:住宅小区,房产小区:住宅区:住宅小区,教育学校:幼儿园,教育学校:小学,房产小区:住宅区:住宅小区,娱乐休闲:茶馆,房产小区:住宅区:住宅小区,运动健身:健身中心,房产小区:住宅区:住宅小区,购物:超市,购物:综合商场:购物中心,房产小区:住宅区:住宅小区,美食:火锅,地名地址:行政地名,房产小区:住宅区:住宅小区,房产小区:房产小区附属,运动健身:瑜伽,房产小区:住宅区:住宅小区,美食:火锅,运动健身:台球馆"
"(26, 9)","公司企业:公司企业,购物:农贸市场,汽车:汽车维修,生活服务:邮局速递:速递,汽车:汽车维修,购物:便利店,购物:家具家居建材:建材,购物:超市,生活服务:邮局速递:速递,地名地址:行政地名,美食:小吃快餐,教育学校:幼儿园,地名地址:行政地名,汽车:汽车销售,娱乐休闲:茶馆,公司企业:公司企业,购物:便利店,生活服务:其它生活服务,公司企业:公司企业,公司企业:公司企业"
"(16, 2)",公司企业:公司企业
"(20, 1)",None
"(16, 7)","公司企业:公司企业,教育学校:幼儿园,地名地址:行政地名,公司企业:公司企业,购物:农贸市场,美食:中餐厅:其它中餐厅,生活服务:邮局速递:速递,购物:文化用品,娱乐休闲:其它娱乐休闲,购物:家具家居建材:家具家居,购物:农贸市场,房产小区:产业园区,地名地址:行政地名,公司企业:公司企业,房产小区:住宅区:住宅小区,公司企业:企业/工厂,酒店宾馆:酒店宾馆,购物:超市,汽车:车辆管理机构,公司企业:公司企业"
"(16, 4)",教育学校:幼儿园
"(16, 5)",None
"(17, 0)",生活服务:丧葬
"(16, 3)","房产小区:住宅区:住宅小区,地名地址:行政地名,地名地址:行政地名,房产小区:产业园区,地名地址:行政地名,购物:烟酒专卖,地名地址:行政地名,公司企业:公司企业,购物:其它购物,房产小区:房产小区附属,公司企业:公司企业,基础设施:道路附属:路口,生活服务:其它生活服务,公司企业:公司企业,生活服务:邮局速递:速递,公司企业:公司企业,公司企业:公司企业,地名地址:行政地名,地名地址:行政地名,地名地址:行政地名"
"(15, 1)","文化场馆:博物馆,地名地址:行政地名,美食:茶餐厅,娱乐休闲:户外活动:露营地,公司企业:公司企业,旅游景点:风景名胜,房产小区:房产小区附属,房产小区:住宅区:住宅小区,购物:其它购物,地名地址:行政地名,教育学校:幼儿园,地名地址:行政地名,房产小区:住宅区:住宅小区,房产小区:住宅区:住宅小区,教育学校:幼儿园,娱乐休闲:咖啡厅,运动健身:其它运动健身,房产小区:住宅区:别墅,地名地址:行政地名,生活服务:票务代售:其它票务代售"
"(15, 0)","文化场馆:博物馆,地名地址:行政地名,美食:茶餐厅,娱乐休闲:户外活动:露营地,公司企业:公司企业,旅游景点:风景名胜,房产小区:房产小区附属,房产小区:住宅区:住宅小区,购物:其它购物,地名地址:行政地名,教育学校:幼儿园,地名地址:行政地名,房产小区:住宅区:住宅小区,房产小区:住宅区:住宅小区,教育学校:幼儿园,娱乐休闲:咖啡厅,运动健身:其它运动健身,房产小区:住宅区:别墅,地名地址:行政地名,生活服务:票务代售:其它票务代售"
"(15, 8)",None
"(17, 7)","教育学校:中学,美食:中餐厅:其它中餐厅,购物:农贸市场,房产小区:住宅区:住宅小区,地名地址:行政地名,美食:中餐厅:其它中餐厅,房产小区:住宅区:住宅小区,房产小区:住宅区:住宅小区,银行金融:自动提款机,公司企业:公司企业,汽车:加油站:其它加油站,教育学校:幼儿园,生活服务:邮局速递:物流公司,公司企业:公司企业,汽车:汽车维修,公司企业:公司企业,购物:超市,医疗保健:诊所,房产小区:住宅区:住宅小区,汽车:汽车维修"
"(21, 4)","购物:花鸟鱼虫,酒店宾馆:酒店宾馆,购物:花鸟鱼虫,公司企业:公司企业,购物:花鸟鱼虫,地名地址:行政地名,地名地址:行政地名,娱乐休闲:其它娱乐休闲,购物:花鸟鱼虫,公司企业:农林牧渔基地,购物:农贸市场,公司企业:公司企业,地名地址:行政地名,教育学校:培训:音乐舞蹈,公司企业:公司企业,公司企业:农林牧渔基地,地名地址:道路名,基础设施:道路附属:路口,基础设施:道路附属:路口,汽车:汽车租赁"
"(22, 4)","机构团体:政府机关,地名地址:行政地名,购物:花鸟鱼虫,公司企业:农林牧渔基地,购物:花鸟鱼虫,机构团体:科研机构,地名地址:行政地名,地名地址:行政地名,娱乐休闲:户外活动:采摘园,旅游景点:寺庙道观,购物:花鸟鱼虫,公司企业:农林牧渔基地,公司企业:公司企业,公司企业:农林牧渔基地,机构团体:政府机关,机构团体:政府机关"
"(23, 3)","美食:中餐厅:其它中餐厅,地名地址:行政地名,文化场馆:科技馆,旅游景点:其它旅游景点,公司企业:公司企业,机构团体:政府机关,机构团体:政府机关,汽车:汽车维修,房产小区:住宅区:住宅小区,汽车:加油站:其它加油站,公司企业:公司企业,房产小区:住宅区:住宅小区,房产小区:住宅区:宿舍,娱乐休闲:茶馆,美食:火锅,房产小区:住宅区:住宅小区,机构团体:政府机关,公司企业:公司企业,购物:超市,汽车:汽车维修"
"(25, 1)",None
"(26, 0)","酒店宾馆:农家院,旅游景点:风景名胜,娱乐休闲:其它娱乐休闲,酒店宾馆:经济型酒店,旅游景点:景点公园附属,地名地址:行政地名,教育学校:培训,娱乐休闲:其它娱乐休闲,旅游景点:其它旅游景点,娱乐休闲:其它娱乐休闲,娱乐休闲:其它娱乐休闲,汽车:汽车维修,娱乐休闲:茶馆,娱乐休闲:其它娱乐休闲,地名地址:行政地名,文化场馆:博物馆,娱乐休闲:茶馆,酒店宾馆:其它酒店宾馆,酒店宾馆:酒店宾馆,酒店宾馆:农家院"
"(25, 0)","酒店宾馆:农家院,旅游景点:风景名胜,娱乐休闲:其它娱乐休闲,酒店宾馆:经济型酒店,旅游景点:景点公园附属,地名地址:行政地名,教育学校:培训,娱乐休闲:其它娱乐休闲,旅游景点:其它旅游景点,娱乐休闲:其它娱乐休闲,娱乐休闲:其它娱乐休闲,汽车:汽车维修,娱乐休闲:茶馆,娱乐休闲:其它娱乐休闲,地名地址:行政地名,文化场馆:博物馆,娱乐休闲:茶馆,酒店宾馆:其它酒店宾馆,酒店宾馆:酒店宾馆,酒店宾馆:农家院"
"(24, 1)","机构团体:政府机关,运动健身:其它运动健身,地名地址:行政地名,地名地址:行政地名,酒店宾馆:其它酒店宾馆,地名地址:行政地名,地名地址:行政地名,机构团体:政府机关,地名地址:自然地名:河流,公司企业:农林牧渔基地,地名地址:行政地名,酒店宾馆:度假村,机构团体:政府机关,机构团体:政府机关,机构团体:政府机关"
"(24, 0)",None
"(23, 4)","公司企业:公司企业,房产小区:产业园区,地名地址:行政地名,酒店宾馆:酒店宾馆,公司企业:企业/工厂,基础设施:交通设施:公交车站,公司企业:公司企业,基础设施:交通设施:公交车站,地名地址:行政地名,地名地址:行政地名,公司企业:公司企业,公司企业:公司企业,基础设施:交通设施:公交线路,基础设施:道路附属:路口,地名地址:行政地名,地名地址:行政地名,基础设施:道路附属:路口,地名地址:道路名,地名地址:行政地名,公司企业:公司企业"
"(23, 2)","地名地址:行政地名,基础设施:交通设施:公交车站,购物:花鸟鱼虫,地名地址:其它地名地址,公司企业:农林牧渔基地,地名地址:行政地名,地名地址:行政地名,地名地址:行政地名,美食:中餐厅:其它中餐厅,房产小区:产业园区,地名地址:道路名,公司企业:公司企业,地名地址:行政地名"
"(24, 2)","地名地址:行政地名,基础设施:交通设施:公交车站,购物:花鸟鱼虫,地名地址:其它地名地址,公司企业:农林牧渔基地,地名地址:行政地名,地名地址:行政地名,地名地址:行政地名,美食:中餐厅:其它中餐厅,房产小区:产业园区,地名地址:道路名,公司企业:公司企业,地名地址:行政地名"
"(14, 0)",None
"(21, 0)","地名地址:行政地名,公司企业:公司企业,地名地址:行政地名,地名地址:行政地名,医疗保健:卫生院,公司企业:农林牧渔基地,地名地址:行政地名,机构团体:社会团体,地名地址:行政地名,生活服务:宠物服务:宠物商店,公司企业:农林牧渔基地,地名地址:行政地名,购物:花鸟鱼虫,公司企业:农林牧渔基地,医疗保健:诊所,公司企业:公司企业,公司企业:农林牧渔基地,公司企业:农林牧渔基地,娱乐休闲:游戏棋牌:棋牌室,机构团体:政府机关"
"(20, 0)","地名地址:行政地名,公司企业:公司企业,地名地址:行政地名,地名地址:行政地名,医疗保健:卫生院,公司企业:农林牧渔基地,地名地址:行政地名,机构团体:社会团体,地名地址:行政地名,生活服务:宠物服务:宠物商店,公司企业:农林牧渔基地,地名地址:行政地名,购物:花鸟鱼虫,公司企业:农林牧渔基地,医疗保健:诊所,公司企业:公司企业,公司企业:农林牧渔基地,公司企业:农林牧渔基地,娱乐休闲:游戏棋牌:棋牌室,机构团体:政府机关"
"(22, 0)",None
"(23, 1)","公司企业:公司企业,购物:花鸟鱼虫,地名地址:行政地名,公司企业:农林牧渔基地,美食:中餐厅:其它中餐厅,公司企业:农林牧渔基地,公司企业:农林牧渔基地,基础设施:道路附属:路口,地名地址:行政地名,地名地址:行政地名,地名地址:行政地名,房产小区:其它房产小区,地名地址:道路名,公司企业:农林牧渔基地,公司企业:农林牧渔基地,公司企业:农林牧渔基地"
